id,unique_id,studlab,naif,rob,treat,treatdose,n1,n_completers,r1,rPASI75,rPGA,rAE,rSAE,r2,n2,age,male
2,1,Griffith_2010_ACCEPT,,H,ETA,ETA_AMM,347,347,80,197,170,243,4,4,347,45,613
3,1,Griffith_2010_ACCEPT,,H,USK,USK_45,209,209,76,141,136,138,4,4,209,45,126
4,2,Igarashi_2012,,M,PBO,PBO,32,31,1,2,3,21,2,,32,45,222
4,2,Igarashi_2012,,M,USK,USK_45,64,64,21,38,37,42,0,,64,45,531
7,3,Krueger_2007,,L,PBO,PBO,64,64,1,1,0,48,1,0,64,47,840
9,3,Krueger_2007,,L,USK,USK_45,128,128,43,76,78,106,5,5,128,41,103
11,4,Leonardi_2008_PHOENIX1,,L,PBO,PBO,255,255,5,8,10,122,2,2,255,44.5,125
10,4,Leonardi_2008_PHOENIX1,,L,USK,USK_45,255,255,106,171,154,146,2,2,255,46,117
14,5,Papp_2008_PHOENIX2,,L,PBO,PBO,410,410,3,15,20,202,8,7,410,45,509
15,5,Papp_2008_PHOENIX2,,L,USK,USK_45,409,409,173,273,278,215,8,8,409,44,929
16,6,Tsai_2011_PEARL,,L,PBO,PBO,60,60,1,3,5,42,2,1,60,46,91
16,6,Tsai_2011_PEARL,,L,USK,USK_45,61,61,30,41,43,40,0,0,61,44,306
18,7,Papp_2012a,,L,PBO,PBO,50,50,0,1,5,30,0,0,50,39,33
19,7,Papp_2012a,,L,TOFA,TOFA_AMM,49,48,16,33,35,30,1,1,49,44,66
21,8,Blauvelt_2015_FEATURE,,L,PBO,PBO,59,59,0,0,0,28,1,0,59,46.5,55
22,8,Blauvelt_2015_FEATURE,,L,SECU,SECU_AMM,59,59,36,45,41,30,3,3,59,42.5,57
23,9,Langley_2014_ERASURE,,L,PBO,PBO,248,248,3,11,6,116,4,3,248,42.5,25
24,9,Langley_2014_ERASURE,,L,SECU,SECU_AMM,245,245,145,200,160,135,6,6,245,43,268
29,10,Langley_2014_FIXTURE,,L,ETA,ETA_AMM,326,326,67,142,88,186,3,3,326,45,36
28,10,Langley_2014_FIXTURE,,L,PBO,PBO,326,326,5,16,9,163,6,4,326,42.5,127
31,10,Langley_2014_FIXTURE,,L,SECU,SECU_AMM,327,327,175,249,202,181,4,4,327,46.5,573
32,11,Papp_2013a,,H,PBO,PBO,22,22,1,2,2,8,2,2,22,45,143
32,11,Papp_2013a,,H,SECU,SECU_other,103,103,20,40,23,51,3,2,103,44,99
33,12,Rich_2013,,L,PBO,PBO,67,67,1,1,1,47,1,0,67,44,803
33,12,Rich_2013,,L,SECU,SECU_other,337,337,73,137,83,221,12,10,337,42,178
37,13,Akcali_2014,,H,ACI,ACI_AMM,,25,,,,,,,,40.5,69
37,13,Akcali_2014,,H,CICLO,CICLO_AMM,,21,,,,,,,,.,24
38,14,Ellis_1991,,M,CICLO,CICLO_AMM,60,,,,34,,,,60,54.5,33
38,14,Ellis_1991,,M,PBO,PBO,25,,,,0,,,,25,47.5,70
39,15,Flystrom_2007,,H,CICLO,CICLO_AMM,43,31,9,18,,30,0,0,43,45,439
39,15,Flystrom_2007,,H,MTX,MTX_other,41,37,4,9,,29,0,0,41,45,382
40,16,Heydendael_2003,,H,CICLO,CICLO_AMM,44,42,14,30,14,35,0,0,44,46,419
40,16,Heydendael_2003,,H,MTX,MTX_AMM,44,43,17,26,17,29,0,0,44,45,84
41,17,Sandhu_2003,,H,CICLO,CICLO_AMM,,15,6,,6,,,,,41,62
41,17,Sandhu_2003,,H,MTX,MTX_AMM,,15,13,,13,,,,,44,15
42,18,Reich_2005_EXPRESS,,L,IFX,IFX_AMM,301,301,172,242,242,,17,,301,42,36
42,18,Reich_2005_EXPRESS,,L,PBO,PBO,77,77,1,2,3,,2,,77,44,320
43,19,Torii_2010,,M,IFX,IFX_AMM,35,35,19,24,25,34,1,,35,27,29
43,19,Torii_2010,,M,PBO,PBO,19,19,0,0,2,11,1,,19,46,81
45,20,Papp_2012,,L,BRODA,BRODA_AMM,40,40,30,33,32,33,1,1,40,44,23
44,20,Papp_2012,,L,PBO,PBO,38,38,0,0,1,23,1,1,38,44,551
47,21,Papp_2015_ESTEEM-1,,L,APRE,APRE_AMM,562,562,55,186,122,248,12,12,562,43,586
47,21,Papp_2015_ESTEEM-1,,L,PBO,PBO,282,282,1,15,11,85,8,8,282,44,174
54,22,Asahina_2010,,M,ADA,ADA_AMM,43,43,17,27,26,39,3,3,43,.,.
53,22,Asahina_2010,,M,PBO,PBO,46,46,0,2,4,41,2,0,46,56.5,23
55,23,Gordon_2006,,L,ADA,ADA_AMM,46,45,11,24,,,3,,46,37,51
56,23,Gordon_2006,,L,PBO,PBO,52,52,0,2,,,0,,52,44,55
58,24,Menter_2008_REVEAL,,L,ADA,ADA_AMM,814,814,366,578,506,506,15,,814,45,68
58,24,Menter_2008_REVEAL,,L,PBO,PBO,398,398,9,26,17,221,7,,398,46,473
60,25,Saurat_2008_CHAMPION,1,L,ADA,ADA_AMM,108,108,55,86,78,79,2,2,108,45,24
61,25,Saurat_2008_CHAMPION,1,L,MTX,MTX_AMM,110,110,15,39,33,89,1,1,110,.,.
60,25,Saurat_2008_CHAMPION,1,L,PBO,PBO,53,53,6,10,6,42,1,1,53,43,7
62,26,Bagel_2012,,L,ETA,ETA_AMM,62,,15,36,33,32,0,0,62,43,123
62,26,Bagel_2012,,L,PBO,PBO,62,,1,3,3,34,0,0,62,44.5,32
63,27,Caproni_2009,1,H,ACI,ACI_AMM,30,30,0,8,,,0,0,30,.,.
63,27,Caproni_2009,1,H,ETA,ETA_AMM,30,30,5,17,,,0,0,30,40,95
64,28,Gisondi_2008,1,H,ACI,ACI_AMM,20,20,1,6,1,3,0,0,20,.,.
64,28,Gisondi_2008,1,H,ETA,ETA_other,22,22,3,10,3,2,0,0,22,46,18
65,29,Gottlieb_2003,,H,ETA,ETA_other,57,57,,17,,,2,2,57,.,.
65,29,Gottlieb_2003,,H,PBO,PBO,55,55,,1,,,2,1,55,40,248
68,30,Leonardi_2003,,L,ETA,ETA_AMM,168,162,36,81,81,,,,168,.,31
67,30,Leonardi_2003,,L,PBO,PBO,168,166,1,6,8,,,,168,.,24
70,31,Papp_2005,,M,ETA,ETA_AMM,203,194,39,94,109,,,,203,.,11
69,31,Papp_2005,,M,PBO,PBO,204,193,1,6,7,,,,204,45,42
72,32,Tyring_2006,,L,ETA,ETA_AMM,311,311,65,147,,153,6,6,311,.,.
72,32,Tyring_2006,,L,PBO,PBO,309,307,4,15,,137,3,3,309,44,190
73,33,Vandekerkhof_2008,,L,ETA,ETA_other,96,96,13,36,37,,2,,96,45.5,276
73,33,Vandekerkhof_2008,,L,PBO,PBO,46,46,1,1,2,,3,,46,46,458
74,34,Alhamamy_2014,,H,MTX,MTX_AMM,,38,36,,,,,,,44,738
74,34,Alhamamy_2014,,H,PBO,PBO,,38,35,,,,,,,46,643
75,35,Asawanonda_2006,,M,MTX,MTX_AMM,11,10,10,10,,7,0,0,11,45,648
75,35,Asawanonda_2006,,M,PBO,PBO,13,10,5,5,,9,1,0,13,47,207
76,36,Fallaharani_2011,,H,FUM,FUM,30,26,1,5,,24,0,0,30,45,821
76,36,Fallaharani_2011,,H,MTX,MTX_AMM,30,25,2,6,,27,0,0,30,46,918
77,37,Gottlieb_2012,,L,MTX,MTX_AMM,239,212,125,184,158,179,2,2,239,46,635
77,37,Gottlieb_2012,,L,PBO,PBO,239,204,75,141,121,143,3,3,239,45,481
78,38,Mahajan_2012,,H,MTX,MTX_AMM,20,20,,19,,7,,,20,45,125
78,38,Mahajan_2012,,H,PBO,PBO,20,20,,14,,12,,,20,46,484
79,39,Leonardi_2012,,L,IXE,IXE_other,115,115,57,78,69,72,2,2,115,45,120
79,39,Leonardi_2012,,L,PBO,PBO,27,26,0,2,2,17,1,1,27,45,1258
83,40,Chaudhari_2001,,L,IFX,IFX_AMM,11,11,,9,,,0,0,11,45,1288
81,40,Chaudhari_2001,,L,PBO,PBO,11,11,,2,,,0,0,11,45,270
84,41,Menter_2007_EXPRESSII,,L,IFX,IFX_AMM,314,314,142,237,,216,9,,314,44,31
85,41,Menter_2007_EXPRESSII,,L,PBO,PBO,208,208,1,4,,116,5,,208,43,312
87,42,Barker_2011_RESTORE,1,H,IFX,IFX_AMM,653,653,356,508,496,466,44,,653,.,.
87,42,Barker_2011_RESTORE,1,H,MTX,MTX_AMM,215,215,41,90,82,142,6,,215,37,48
88,43,Gottlieb_2004,,L,IFX,IFX_AMM,99,99,57,87,,78,8,,99,41,176
88,43,Gottlieb_2004,,L,PBO,PBO,51,51,1,3,,32,0,,51,43.5,145
91,44,Nugteren-Huying_1990,,H,FUM,FUM,,22,6,,6,,,,,45,131
91,44,Nugteren-Huying_1990,,H,PBO,PBO,,12,0,,0,,,,,49,71
92,45,Bisonnette_2013,,M,ADA,ADA_AMM,20,20,,14,,,2,2,20,46,883
92,45,Bisonnette_2013,,M,PBO,PBO,10,10,,2,,,0,0,10,45,100
93,46,Dogra_2013,,H,ACI,ACI_AMM,41,33,7,20,,,,,41,44.5,452
94,47,Ruzicka_1991,,H,ACI,ACI_AMM,42,40,16,,,,,,42,.,.
94,47,Ruzicka_1991,,H,PBO,PBO,40,38,6,,,,,,40,46,50
95,48,Sommerburg_1993,,H,ACI,ACI_other,44,40,28,,,28,3,,44,45.5,8
95,48,Sommerburg_1993,,H,PBO,PBO,44,43,19,,,20,3,,44,44,221
96,49,Sterry_2010_PRESTA,,L,ETA,ETA_AMM,,379,,207,176,,15,13,,46,163
97,50,Chladek_2005,,H,MTX,MTX_AMM,21,21,,,,,,,21,45,157
98,51,Hunter_1963,,H,MTX,MTX_other,19,19,1,,7,0,0,0,19,44,608
98,51,Hunter_1963,,H,PBO,PBO,17,17,0,,1,0,0,0,17,44,692
99,52,Piskin_2003,,H,CICLO,CICLO_AMM,5,5,,,,,,,5,43,25
99,52,Piskin_2003,,H,MTX,MTX_AMM,5,5,,,,,,,5,45,732
102,53,Reich_2012,,L,CERTO,CERTO_AMM,59,59,27,48,42,40,5,4,59,46,184
100,53,Reich_2012,,L,PBO,PBO,58,58,1,4,1,41,1,1,58,47,183
103,54,Saurat_1988,,H,ACI,ACI_other,,20,17,,,,1,,,42,329
103,54,Saurat_1988,,H,PBO,PBO,,22,16,,,,1,,,48,361
104,55,Shehzad_2004,,H,MTX,MTX_other,20,20,,,,,,,20,47,336
104,55,Shehzad_2004,,H,PBO,PBO,20,20,,,,,,,20,46,162
105,56,Yang_2012,,H,IFX,IFX_AMM,84,84,48,68,74,36,1,,84,45,127
105,56,Yang_2012,,H,PBO,PBO,45,45,0,1,3,17,0,,45,51,93
106,57,Dubertret_1989,,H,CICLO,CICLO_AMM,19,19,,19,,,,,19,48,11
107,58,Engst_1989,,H,CICLO,CICLO_AMM,12,,,,,,,,12,47,8
108,59,Meffert_1997,,H,CICLO,CICLO_Other,84,81,,21,,44,5,,84,47.5,810
108,59,Meffert_1997,,H,PBO,PBO,43,39,,2,,4,0,,43,43,67
109,60,Zhu_2013_LOTUS,,M,PBO,PBO,162,162,,18,24,22,1,1,162,46,132
109,60,Zhu_2013_LOTUS,,M,USK,USK_45,160,160,,132,126,29,1,1,160,45,377
111,61,Goldfarb_1998,,H,ACI,ACI_AMM,16,16,,4,,,,,16,42,121
111,61,Goldfarb_1998,,H,PBO,PBO,12,12,,1,,,,,12,44,295
113,62,Lowe_1991,,H,ACI,ACI_AMM,16,16,,,,,,,16,43,203
113,62,Lowe_1991,,H,PBO,PBO,18,18,,,,,,,18,46,53
114,63,Olsen_1989,,H,ACI,ACI_other,10,,,,,,,,10,42,82
114,63,Olsen_1989,,H,PBO,PBO,5,,,,,,,,5,52,143
115,64,Tanew_1991,,H,ACI,ACI_AMM,30,23,,,22,,,,30,50.5,202
115,64,Tanew_1991,,H,PBO,PBO,30,25,,,20,,,,30,49,145
116,65,Yilmaz_2002,,H,ACI,ACI_AMM,25,23,23,23,23,15,1,,25,44,228
116,65,Yilmaz_2002,,H,PBO,PBO,25,23,23,23,23,10,0,,25,44,163
117,66,Strohal_2013_PRISTINE,,L,ETA,ETA_AMM,136,133,66,104,93,94,3,3,136,46,109
118,67,Paul_2015_ESTEEM-2,,L,APRE,APRE_AMM,275,274,24,79,56,185,5,3,275,45,194
118,67,Paul_2015_ESTEEM-2,,L,PBO,PBO,138,137,2,8,6,82,3,3,138,44,160
119,68,Bisonnette_2015,,M,TOFA,TOFA_AMM,338,333,140,225,209,234,11,11,338,43,202
124,69,Bachelez_2015,,L,ETA,ETA_AMM,336,335,108,197,222,192,7,6,336,47,533
120,69,Bachelez_2015,,L,PBO,PBO,108,107,1,6,16,55,2,0,108,45,554
123,69,Bachelez_2015,,L,TOFA,TOFA_AMM,332,330,119,210,225,198,5,3,332,43,124
127,70,Papp_2015_OPT Pivotal-1,,M,PBO,PBO,177,177,10,11,16,89,5,,177,41,194
127,70,Papp_2015_OPT Pivotal-1,,M,TOFA,TOFA_AMM,360,360,142,213,213,220,10,,360,46,381
130,71,Papp_2015_OPT Pivotal-2,,M,PBO,PBO,196,196,10,22,21,93,2,,196,39,48
131,71,Papp_2015_OPT Pivotal-2,,M,TOFA,TOFA_AMM,381,381,145,223,221,212,5,,381,46,422
137,72,Gordon_2015_X-PLORE,,H,ADA,ADA_AMM,43,43,19,30,25,24,1,1,43,49,356
135,72,Gordon_2015_X-PLORE,,H,GUSEL,GUSEL_AMM,84,84,50,67,71,42,0,0,84,43.5,365
133,72,Gordon_2015_X-PLORE,,H,PBO,PBO,42,42,1,2,3,22,1,1,42,52,20
142,73,Griffith_2015_UNCOVER2,,L,ETA,ETA_AMM,358,358,67,149,129,211,8,8,358,.,394
139,73,Griffith_2015_UNCOVER2,,L,IXE,IXE_AMM,351,351,248,315,292,216,5,5,351,45.2,102
138,73,Griffith_2015_UNCOVER2,,L,PBO,PBO,168,168,1,4,4,89,2,1,168,47,152
148,74,Griffith_2015_UNCOVER3,,L,ETA,ETA_AMM,382,382,98,204,159,187,5,5,382,42.5,30
145,74,Griffith_2015_UNCOVER3,,L,IXE,IXE_AMM,385,385,262,336,310,205,9,9,385,43,355
144,74,Griffith_2015_UNCOVER3,,L,PBO,PBO,193,193,6,14,13,70,5,4,193,47.5,61
150,75,Mrowietz_2015_SCULPTURE,,L,SECU,SECU_AMM,484,484,311,436,368,248,9,9,484,.,133
151,76,Thaçi_2015_CLEAR,,L,SECU,SECU_AMM,337,334,264,311,277,215,10,10,337,50,99
151,76,Thaçi_2015_CLEAR,,L,USK,USK_45,339,335,193,277,226,196,10,10,339,40.5,412
153,77,Paul_2015_JUNCTURE,,L,PBO,PBO,61,61,0,2,0,33,1,1,61,46,707
153,77,Paul_2015_JUNCTURE,,L,SECU,SECU_AMM,60,60,33,52,44,42,1,1,60,42.5,71
157,78,Papp_2016_AMAGINE-1,,L,BRODA,BRODA_AMM,222,222,156,185,168,131,4,4,222,.,145
155,78,Papp_2016_AMAGINE-1,,L,PBO,PBO,220,220,2,6,3,112,3,1,220,47,187
159,79,Nakagawa_2016,,H,BRODA,BRODA_AMM,37,37,34,35,35,27,1,1,37,49,652
158,79,Nakagawa_2016,,H,PBO,PBO,38,38,1,3,2,17,1,1,38,44.5,52
164,80,Lebwohl_2015_AMAGINE2,,M,BRODA,BRODA_AMM,612,612,430,528,481,354,9,9,612,47,213
162,80,Lebwohl_2015_AMAGINE2,,M,PBO,PBO,309,309,10,25,12,165,8,8,309,46.5,373
163,80,Lebwohl_2015_AMAGINE2,,M,USK,USK_45,300,300,141,210,183,177,4,4,300,45,613
168,81,Lebwohl_2015_AMAGINE3,,M,BRODA,BRODA_AMM,624,624,429,531,497,353,9,8,624,45,126
169,81,Lebwohl_2015_AMAGINE3,,M,PBO,PBO,315,315,5,19,13,152,3,2,315,45,222
169,81,Lebwohl_2015_AMAGINE3,,M,USK,USK_45,313,313,149,217,179,168,2,2,313,45,531
174,82,Papp_2015a,,M,PBO,PBO,46,45,1,2,1,31,0,0,46,47,840
174,82,Papp_2015a,,M,TILDRA,TILDRA_AMM,89,89,34,59,55,58,1,1,89,41,103
176,83,deVries_2016_PIECE,,H,ETA,ETA_AMM,23,23,1,8,7,23,1,1,23,44.5,125
176,83,deVries_2016_PIECE,,H,IFX,IFX_AMM,25,25,10,18,19,24,1,1,25,46,117
177,84,Cai_2016,,L,ADA,ADA_AMM,338,,188,263,272,158,4,4,338,45,509
177,84,Cai_2016,,L,PBO,PBO,87,,3,10,13,37,3,1,87,44,929
178,85,Reich_2015,,L,PBO,PBO,10,10,0,1,,3,0,0,10,46,91
178,85,Reich_2015,,L,SECU,SECU_other,90,84,42,59,,71,7,6,90,44,306
179,86,Dogra_2012,,M,MTX,MTX_AMM,30,26,20,24,,,,,30,39,33
180,87,Laburte_1994,,H,CICLO,CICLO_AMM,132,,,117,,,17,,132,44,66
181,88,Gottlieb_2011,,L,ETA,ETA_AMM,141,141,33,79,56,76,1,1,141,46.5,55
181,88,Gottlieb_2011,,L,PBO,PBO,68,68,1,5,2,31,1,1,68,42.5,57
182,89,Strober_2011,,L,ETA,ETA_AMM,139,139,27,55,41,69,1,1,139,42.5,25
182,89,Strober_2011,,L,PBO,PBO,72,72,3,5,3,32,2,1,72,43,268
183,90,Asahina_2016,,L,TOFA,TOFA_AMM,44,44,24,32,30,28,1,1,44,45,36
185,91,Gordon_2016_UNCOVER1,,L,IXE,IXE_AMM,433,433,307,386,354,168,6,6,433,42.5,127
185,91,Gordon_2016_UNCOVER1,,L,PBO,PBO,431,431,2,17,14,122,5,5,431,46.5,573
187,92,Warren_2016_METOP,,L,MTX,MTX_AMM,91,91,16,37,25,75,1,,91,45,143
187,92,Warren_2016_METOP,,L,PBO,PBO,29,29,0,3,2,27,4,,29,44,99
188,93,Mrowietz_2016_BRIDGE,,H,FUM,FUM,566,540,110,210,190,472,17,,566,44,803
188,93,Mrowietz_2016_BRIDGE,,H,PBO,PBO,138,131,6,20,17,82,5,,138,42,178
189,94,vanbezooijen_2016,,M,FUM,FUM,18,18,,14,17,,1,1,18,40.5,69
189,94,vanbezooijen_2016,,M,PBO,PBO,15,15,,8,9,,1,1,15,.,24
190,95,Ortonne_2013,,H,ETA,ETA_AMM,38,35,,27,24,22,2,2,38,54.5,33
191,96,Krueger_2016,,L,PBO,PBO,3,3,,1,1,1,1,1,3,47.5,70
191,96,Krueger_2016,,L,TOFA,TOFA_AMM,9,8,,5,4,2,0,0,9,45,439
193,97,Papp_2012b,,L,APRE,APRE_AMM,88,88,10,36,29,55,4,4,88,45,382
192,97,Papp_2012b,,L,PBO,PBO,88,88,1,5,11,35,2,2,88,46,419
195,98,Papp_2013b,,H,APRE,APRE_other,173,173,,30,,97,2,1,173,45,84
195,98,Papp_2013b,,H,PBO,PBO,87,87,,9,,47,4,3,87,41,62
196,99,Reich_2016_LIBERATE,,M,APRE,APRE_AMM,83,83,12,33,18,58,3,3,83,44,15
197,99,Reich_2016_LIBERATE,,M,ETA,ETA_other,83,83,17,40,24,44,2,2,83,42,36
196,99,Reich_2016_LIBERATE,,M,PBO,PBO,84,84,3,10,3,50,0,0,84,44,320
201,100,Blauvelt_2016_VOYAGE1,,L,ADA,ADA_AMM,334,334,166,244,220,170,6,6,334,27,29
201,100,Blauvelt_2016_VOYAGE1,,L,GUSEL,GUSEL_AMM,329,329,241,300,280,170,8,8,329,46,81
200,100,Blauvelt_2016_VOYAGE1,,L,PBO,PBO,174,174,5,10,12,86,3,2,174,44,23
203,101,Reich_2017_VOYAGE-2,,L,ADA,ADA_AMM,248,248,116,170,168,120,6,5,248,44,551
204,101,Reich_2017_VOYAGE-2,,L,GUSEL,GUSEL_AMM,496,496,347,428,417,235,8,8,496,43,586
203,101,Reich_2017_VOYAGE-2,,L,PBO,PBO,248,248,6,20,21,111,3,3,248,44,174
205,102,Gurel_2015,,H,ACI,ACI_other,25,25,25,25,25,12,0,0,25,.,.
205,102,Gurel_2015,,H,PBO,PBO,25,25,18,23,18,3,0,0,25,56.5,23
206,103,Bagel_2018_CLARITY,,L,SECU,SECU_AMM,550,550,421,504,432,261,14,,550,37,51
206,103,Bagel_2018_CLARITY,,L,USK,USK_45,552,552,299,440,326,256,9,,552,44,55
207,104,Blauvelt_2018_ADACCESS,,L,ADA,ADA_AMM,234,196,88,131,105,123,10,,234,45,68
208,105,Elewski_2018,,L,ADA,ADA_AMM,109,94,47,63,69,64,8,8,109,46,473
208,105,Elewski_2018,,L,PBO,PBO,108,93,7,13,12,61,5,4,108,45,24
209,106,Gerdes_2018_EGALITY,,L,ETA,ETA_AMM,267,241,82,182,134,,,,267,.,.
211,107,"Gordon UltIMMa-1, 2018  ",,L,PBO,PBO,102,98,5,9,8,52,3,3,102,43,7
210,107,"Gordon UltIMMa-1, 2018  ",,L,RISAN,RIZAN_AMM,304,299,229,270,267,151,7,7,304,43,123
212,107,"Gordon UltIMMa-1, 2018  ",,L,USK,USK_45,102,99,42,76,63,50,8,8,102,44.5,32
213,108,"Gordon UltIMMa-2, 2018  ",,L,PBO,PBO,98,94,2,6,5,45,1,1,98,.,.
215,108,"Gordon UltIMMa-2, 2018  ",,L,RISAN,RIZAN_AMM,294,292,220,268,246,134,6,6,294,40,95
214,108,"Gordon UltIMMa-2, 2018  ",,L,USK,USK_45,99,96,47,69,61,53,3,3,99,.,.
218,109,"Gottlieb CIMPASI-1, 2018",,L,CERTO,CERTO_AMM,88,88,38,67,51,57,5,5,88,46,18
217,109,"Gottlieb CIMPASI-1, 2018",,L,PBO,PBO,51,51,1,3,2,28,1,1,51,.,.
220,110,"Gottlieb CIMPASI-2, 2018",,L,CERTO,CERTO_AMM,87,87,48,72,62,60,4,4,87,40,248
219,110,"Gottlieb CIMPASI-2, 2018",,L,PBO,PBO,49,49,2,6,1,33,0,0,49,.,31
223,111,Ikonomidis 2017  ,,H,CICLO,CICLO_AMM,50,,,,,,,,50,.,24
223,111,Ikonomidis 2017  ,,H,ETA,ETA_AMM,50,,,,,,,,50,.,11
222,111,Ikonomidis 2017  ,,H,USK,USK_45,50,,,,,,,,50,45,42
225,112,Jin 2017  ,,H,PBO,PBO,6,,,0,,2,0,0,6,.,.
225,112,Jin 2017  ,,H,TOFA,TOFA_AMM,7,,,7,,2,0,0,7,44,190
228,113,Khatri 2016  ,,H,IXE,IXE_AMM,6,6,5,6,5,5,0,0,6,45.5,276
229,114,"Langley IXORA-P, 2018",,L,IXE,IXE_AMM,611,611,,,,,,0,611,46,458
230,115,"Mehta VIP trial, 2018",,M,ADA,ADA_AMM,33,32,,15,14,7,2,2,33,44,738
230,115,"Mehta VIP trial, 2018",,M,PBO,PBO,31,30,,2,2,15,0,0,31,46,643
231,116,NCT01961609 SIGNATURE  ,,H,SECU,SECU_AMM,119,118,49,77,,,,,119,45,648
232,117,NCT02581345  ,,L,ADA,ADA_AMM,286,271,147,216,179,104,7,6,286,47,207
234,118,Reich a 2019,1,H,FUM,FUM,54,54,5,12,7,39,3,3,54,45,821
235,118,Reich a 2019,1,H,IXE,IXE_AMM,54,54,43,49,45,37,1,1,54,46,918
233,118,Reich a 2019,1,H,MTX,MTX_AMM,54,54,21,38,27,38,1,1,54,46,635
236,119,NCT02660580 AURIEL-PsO  ,,L,ADA,ADA_AMM,221,191,126,175,156,,6,6,221,45,481
237,120,NCT02850965  ,,L,ADA,ADA_AMM,159,157,,111,82,,7,7,159,45,125
238,121,"Ferris ORION, 2019  ",,L,GUSEL,GUSEL_AMM,62,62,47,55,50,39,2,2,62,46,484
238,121,"Ferris ORION, 2019  ",,L,PBO,PBO,16,16,0,0,0,11,0,0,16,45,120
239,122,NCT02951533 POLARIS  ,1,H,FUM,FUM,59,59,8,16,,57,2,2,59,45,1258
239,122,NCT02951533 POLARIS  ,1,H,GUSEL,GUSEL_AMM,60,60,49,54,,44,3,3,60,45,1288
241,123,NCT03000075  ,,L,PBO,PBO,58,54,1,5,6,22,1,1,58,45,270
242,123,NCT03000075  ,,L,RISAN,RIZAN_AMM,55,55,41,52,51,14,2,1,55,44,31
244,124,Ohtsuki 2017  ,,L,APRE,APRE_AMM,85,85,12,24,21,44,0,0,85,43,312
244,124,Ohtsuki 2017  ,,L,PBO,PBO,84,84,1,6,6,35,0,0,84,.,.
246,125,Ohtsuki 2018,,M,GUSEL,GUSEL_AMM,63,63,44,53,56,29,1,1,63,37,48
246,125,Ohtsuki 2018,,M,PBO,PBO,64,64,0,4,5,36,2,1,64,41,176
249,126,"Papp ABP 501, 2017",,L,ADA,ADA_AMM,175,173,82,143,113,110,5,5,175,43.5,145
250,127,"Papp BE ABLE, 2018",,L,BIME,BIME,208,208,142,169,152,126,1,1,208,45,131
250,127,"Papp BE ABLE, 2018",,L,PBO,PBO,42,42,0,2,2,15,1,1,42,49,71
251,128,"Papp NCT02054481, 2017  ",,H,RISAN,RIZAN_other,126,122,78,104,99,97,11,11,126,46,883
251,128,"Papp NCT02054481, 2017  ",,H,USK,USK_45,40,38,16,29,25,29,3,3,40,45,100
252,129,"Papp TYK2, 2018",,L,PBO,PBO,45,45,1,3,3,23,1,1,45,44.5,452
252,129,"Papp TYK2, 2018",,L,TYK2,TYK2,222,222,69,115,122,149,3,3,222,.,.
253,130,"Reich TRANSFIGURE, 2016",,L,PBO,PBO,65,65,1,3,,40,2,1,65,46,50
254,130,"Reich TRANSFIGURE, 2016",,L,SECU,SECU_AMM,66,66,48,58,48,,2,,66,45.5,8
256,131,"Reich IXORA-S, 2017  ",,L,IXE,IXE_AMM,136,132,99,120,112,117,2,,136,44,221
256,131,"Reich IXORA-S, 2017  ",,L,USK,USK_45,166,164,70,114,95,139,0,,166,46,163
257,132,"Reich ReSURFACE-1, 2017  ",,L,PBO,PBO,155,154,4,9,11,74,1,1,155,45,157
258,132,"Reich ReSURFACE-1, 2017  ",,L,TILDRA,TILDRA_AMM,309,309,107,197,179,146,5,4,309,44,608
265,133,"Reich ReSURFACE-2, 2017",,L,ETA,ETA_AMM,313,313,67,151,149,169,7,,313,44,692
261,133,"Reich ReSURFACE-2, 2017",,L,PBO,PBO,156,156,2,9,7,86,4,,156,43,25
265,133,"Reich ReSURFACE-2, 2017",,L,TILDRA,TILDRA_AMM,307,307,119,188,168,136,4,,307,45,732
266,134,"Sticherling PRIME, 2017",1,H,FUM,FUM,97,95,8,26,12,85,4,2,97,46,184
266,134,"Sticherling PRIME, 2017",1,H,SECU,SECU_AMM,105,105,72,93,80,75,4,4,105,47,183
274,135,Zhang 2017,,M,PBO,PBO,88,88,3,11,17,23,0,,88,42,329
275,135,Zhang 2017,,M,TOFA,TOFA_AMM,90,90,54,73,68,59,0,,90,48,361
278,136,"Lebwohl CIMPACT, 2018",,M,CERTO,CERTO_AMM,167,167,57,111,84,82,4,,167,47,336
279,136,"Lebwohl CIMPACT, 2018",,M,ETA,ETA_AMM,170,170,46,91,67,78,1,,170,46,162
279,136,"Lebwohl CIMPACT, 2018",,M,PBO,PBO,57,57,0,3,1,32,5,,57,45,127
283,137,Lee 2016,1,H,ACI,ACI_other,19,18,,4,1,10,1,1,19,51,93
283,137,Lee 2016,1,H,ETA,ETA_AMM,21,21,,11,9,14,0,0,21,48,11
284,138,EUCTR2015-003623-65-DE  ,,L,ADA,ADA_AMM,304,304,144,218,183,71,9,9,304,47,8
284,138,EUCTR2015-003623-65-DE  ,,L,RISAN,RIZAN_AMM,301,301,218,273,252,76,10,10,301,47.5,810
285,139,NCT02672852 IMMhance,,L,PBO,PBO,100,100,2,8,7,17,8,8,100,43,67
285,139,NCT02672852 IMMhance,,L,RISAN,RIZAN_AMM,407,407,298,361,340,52,8,8,407,46,132
286,140,NCT02134210,,M,ETA,ETA_AMM,260,228,57,142,154,156,10,9,260,45,377
287,141,"Yu, 2019",,H,ETA,ETA_AMM,15,15,6,10,,5,0,0,15,42,121
287,141,"Yu, 2019",,H,MTX,MTX_AMM,15,15,9,12,,9,0,0,15,44,295
288,142,"Hodge PsOsim, 2017",,H,ADA,ADA_AMM,271,271,,203,,38,6,6,271,43,203
289,143,NCT02559622 von Stebut CARIMA 2019,,H,PBO,PBO,49,49,0,0,,35,2,2,49,46,53
291,143,NCT02559622 von Stebut CARIMA 2019,,H,SECU,SECU_AMM,48,48,27,39,,29,1,1,48,42,82
292,144,Reich 2019,,L,MIRI,MIRI,153,153,79,105,90,74,2,2,153,52,143
292,144,Reich 2019,,L,PBO,PBO,52,52,0,2,1,25,1,1,52,50.5,202
293,145,"NCT02187172 Gelfand VIP-U, 2020",,M,PBO,PBO,21,19,0,2,2,5,0,0,21,49,145
293,145,"NCT02187172 Gelfand VIP-U, 2020",,M,USK,USK_45,22,22,9,17,14,7,0,0,22,44,228
294,146,"NCT02313922 Liu, 2019",,H,MTX,MTX_AMM,233,226,145,185,141,118,3,3,233,44,163
294,146,"NCT02313922 Liu, 2019",,H,PBO,PBO,233,229,97,150,94,78,6,5,233,46,109
295,147,"NCT02690701 Gelfand VIP-S, 2020",,L,PBO,PBO,45,45,0,0,0,16,0,0,45,45,194
295,147,"NCT02690701 Gelfand VIP-S, 2020",,L,SECU,SECU_AMM,46,46,34,39,36,26,2,2,46,44,160
296,148,NCT02748863 ALLURE,,L,PBO,PBO,71,71,1,1,1,29,2,2,71,43,202
296,148,NCT02748863 ALLURE,,L,SECU,SECU_AMM,143,143,98,122,104,72,1,1,143,47,533
299,149,NCT03051217,,L,CERTO,CERTO_AMM,53,53,40,46,35,,,,53,45,554
299,149,NCT03051217,,L,PBO,PBO,26,26,0,2,0,17,1,-5,26,43,124
302,150,NCT03066609,,L,PBO,PBO,135,135,2,6,4,71,2,1,135,41,194
304,150,NCT03066609,,L,SECU,SECU_AMM,272,272,210,254,214,221,9,9,272,46,381
305,151,"Reich ECLIPSE, 2019",,L,GUSEL,GUSEL_AMM,534,534,369,477,463,,,,534,39,48
305,151,"Reich ECLIPSE, 2019",,L,SECU,SECU_AMM,514,514,391,471,445,,,,514,46,422
306,152,NCT03255382,1,M,FUM,FUM,60,60,6,20,23,54,2,2,60,49,356
306,152,NCT03255382,1,M,RISAN,RIZAN_AMM,60,60,50,59,56,45,1,1,60,43.5,365
307,153,NCT03331835,1,H,BRODA,BRODA_AMM,105,105,69,85,68,66,3,3,105,52,20
307,153,NCT03331835,1,H,FUM,FUM,105,105,23,40,21,90,1,1,105,.,394
308,154,"Van Voorhees STYLE, 2020",,L,APRE,APRE_AMM,201,201,,,87,135,2,2,201,45.2,102
308,154,"Van Voorhees STYLE, 2020",,L,PBO,PBO,102,102,,,14,52,1,1,102,47,152
309,155,"Gottlieb IXORA-R, 2019",,L,GUSEL,GUSEL_AMM,507,507,285,,285,277,13,,507,42.5,30
309,155,"Gottlieb IXORA-R, 2019",,L,IXE,IXE_AMM,520,520,378,,389,293,16,,520,43,355
310,156,NCT03055494 ObePso-S,,L,PBO,PBO,28,28,0,,,,,,28,47.5,61
310,156,NCT03055494 ObePso-S,,L,SECU,SECU_AMM,54,54,29,,,,,,54,.,133
311,157,"Warren IMMerge, 2020",,M,RISAN,RIZAN_AMM,164,164,121,150,147,117,9,,164,50,99
311,157,"Warren IMMerge, 2020",,M,SECU,SECU_AMM,163,163,107,130,119,116,6,,163,40.5,412
312,158,"NCT03482011 OASIS-1, 2020",,L,MIRI,MIRI,423,423,272,349,293,199,5,5,423,46,707
312,158,"NCT03482011 OASIS-1, 2020",,L,PBO,PBO,107,107,7,10,7,51,2,2,107,42.5,71