"","studlab","treat1","treat2","TE","seTE","event1.x","n1","event2.x","n2","incr.x","allstudies.x","studlab.orig.x","name.x","rob.x","year.x","co_intervention.x","sample_size.x","age.x","male.x","duration_pso.x","bmi.x","weight.x","pasi_score.x","previous_topical.x","previous_photo.x","previous_systemic.x","previous_bio.x","X_merge.x","effect_size1","effect_size2","treat.orig1.x","treat.orig2.x","z11.x","z12.x","n.orig1.x","n.orig2.x","r1.x","r2.x","n.orig.11.x","n.orig.12.x","nz1.x","nz2.x","TE2","seTE2","event1.y","n1.y","event2.y","n2.y","incr.y","allstudies.y","studlab.orig.y","name.y","rob.y","year.y","co_intervention.y","sample_size.y","age.y","male.y","duration_pso.y","bmi.y","weight.y","pasi_score.y","previous_topical.y","previous_photo.y","previous_systemic.y","previous_bio.y","X_merge.y","effect_size1.y","effect_size2.y","treat.orig1.y","treat.orig2.y","z11.y","z12.y","n.orig1.y","n.orig2.y","r1.y","r2.y","n.orig.11.y","n.orig.12.y","n2.1","n2.2","year","rob"
"1","1","ETA","USK",-0.588947561544189,0.110220682258466,80,347,231,556,0,FALSE,1,"ACCEPT_2010","H",2010,0,903,45,613,19,"",90,20,874,592,510,"103","Matched (3)","RR","RR","ETA","USK",4,8,347,556,80,231,347,556,347,556,-0.221703666256222,0.608538901360067,4,347,8,556,0,FALSE,1,"ACCEPT_2010","H",2010,0,903,45,613,19,"",90,20,874,592,510,"103","Matched (3)","RR","RR","ETA","USK",4,8,347,556,80,231,347,556,347,556,2010,"H"
"2","2","USK","PBO",2.50065500675614,0.990780916952292,48,126,1,32,0,FALSE,2,"Igarashi_2012","M",2012,0,160,45,126,16,"26",72,30,158,107,119,"1","Matched (3)","RR","RR","USK","PBO",3,2,126,32,48,1,126,32,126,32,-0.965080896043587,0.891149160015777,3,126,2,32,0,FALSE,2,"Igarashi_2012","M",2012,0,160,45,126,16,"26",72,30,158,107,119,"1","Matched (3)","RR","RR","USK","PBO",3,2,126,32,48,1,126,32,126,32,2012,"M"
"3","3","USK","PBO",3.16758253048065,0.995487350893759,95,256,1,64,0,FALSE,3,"Krueger_2007","L",2007,0,320,45,222,18,"",93,19,NA,NA,NA,".","Matched (3)","RR","RR","USK","PBO",9,1,256,64,95,1,256,64,256,64,0.810930216216329,1.04478699317665,9,256,1,64,0,FALSE,3,"Krueger_2007","L",2007,0,320,45,222,18,"",93,19,NA,NA,NA,".","Matched (3)","RR","RR","USK","PBO",9,1,256,64,95,1,256,64,256,64,2007,"L"
"4","4","USK","PBO",2.99377340906866,0.446230304002454,200,511,5,255,0,FALSE,4,"PHOENIX1_2008","L",2008,0,766,45,531,20,"",93.5,20.5,726,492,424,"392","Matched (3)","RR","RR","USK","PBO",6,2,511,255,200,5,511,255,511,255,0.403506243622831,0.812888769067939,6,511,2,255,0,FALSE,4,"PHOENIX1_2008","L",2008,0,766,45,531,20,"",93.5,20.5,726,492,424,"392","Matched (3)","RR","RR","USK","PBO",6,2,511,255,200,5,511,255,511,255,2008,"L"
"5","5","PBO","USK",-4.15366113937852,0.576448261160607,3,410,382,820,0,FALSE,5,"PHOENIX2_2008","L",2008,0,1230,47,840,20,"",91,19.5,1173,829,688,"466","Matched (3)","RR","RR","PBO","USK",8,13,410,820,3,382,410,820,410,820,0.207639364778245,0.445269065103013,8,410,13,820,0,FALSE,5,"PHOENIX2_2008","L",2008,0,1230,47,840,20,"",91,19.5,1173,829,688,"466","Matched (3)","RR","RR","PBO","USK",8,13,410,820,3,382,410,820,410,820,2008,"L"
"6","6","USK","PBO",3.38466807971094,1.00013660269171,30,61,1,60,0,FALSE,6,"PEARL_2011","L",2011,0,121,41,103,13,"",74,24,118,101,86,"22","Matched (3)","RR","RR","USK","PBO",0,2,61,60,30,1,61,60,61,60,-1.62583172220978,1.53857431142553,0,61,2,60,0.5,FALSE,6,"PEARL_2011","L",2011,0,121,41,103,13,"",74,24,118,101,86,"22","Matched (3)","RR","RR","USK","PBO",0,2,61,60,30,1,61,60,61,60,2011,"L"
"7","7","SECU","PBO",4.15525043843499,1.4108516896689,63,118,0,59,0.5,FALSE,7,"FEATURE_2015","L",2014,0,177,46,117,19,"",92,21,NA,NA,88,"77","Matched (3)","RR","RR","SECU","PBO",4,1,118,59,63,0,118,59,118,59,0.693147180559945,1.106605743337,4,118,1,59,0,FALSE,7,"FEATURE_2015","L",2014,0,177,46,117,19,"",92,21,NA,NA,88,"77","Matched (3)","RR","RR","SECU","PBO",4,1,118,59,63,0,118,59,118,59,2014,"L"
"8","8","SECU","PBO",3.70104998973419,0.575696904289882,240,490,3,248,0,FALSE,8,"ERASURE_2014","L",2014,0,738,45,509,17.5,"30",89,22,NA,NA,361,"216","Matched (3)","RR","RR","SECU","PBO",10,4,490,248,240,3,490,248,490,248,0.235314086934465,0.586452833234654,10,490,4,248,0,FALSE,8,"ERASURE_2014","L",2014,0,738,45,509,17.5,"30",89,22,NA,NA,361,"216","Matched (3)","RR","RR","SECU","PBO",10,4,490,248,240,3,490,248,490,248,2014,"L"
"9","9","PBO","ETA",-2.59525470695687,0.456935885884634,5,326,67,326,0,FALSE,9,"FIXTURE_2014","L",2014,0,1306,44,929,16.5,"34",83,23.5,NA,NA,796,"163","Matched (3)","RR","RR","PBO","ETA",6,3,326,326,5,67,326,326,326,326,0.693147180559945,0.702755313515911,6,326,3,326,0,FALSE,9,"FIXTURE_2014","L",2014,0,1306,44,929,16.5,"34",83,23.5,NA,NA,796,"163","Matched (3)","RR","RR","PBO","ETA",6,3,326,326,5,67,326,326,326,326,2014,"L"
"10","9","PBO","SECU",-3.43735530528489,0.445655238446474,5,326,312,654,0,FALSE,9,"FIXTURE_2014","L",2014,0,1306,44,929,16.5,"34",83,23.5,NA,NA,796,"163","Matched (3)","RR","RR","PBO","SECU",6,11,326,654,5,312,326,654,326,654,0.0900741665201756,0.502970397663136,6,326,11,654,0,FALSE,9,"FIXTURE_2014","L",2014,0,1306,44,929,16.5,"34",83,23.5,NA,NA,796,"163","Matched (3)","RR","RR","PBO","SECU",6,11,326,654,5,312,326,654,326,654,2014,"L"
"11","9","ETA","SECU",-0.842100598328025,0.116335569320446,67,326,312,654,0,FALSE,9,"FIXTURE_2014","L",2014,0,1306,44,929,16.5,"34",83,23.5,NA,NA,796,"163","Matched (3)","RR","RR","ETA","SECU",3,11,326,654,67,312,326,654,326,654,-0.60307301403977,0.647800808576278,3,326,11,654,0,FALSE,9,"FIXTURE_2014","L",2014,0,1306,44,929,16.5,"34",83,23.5,NA,NA,796,"163","Matched (3)","RR","RR","ETA","SECU",3,11,326,654,67,312,326,654,326,654,2014,"L"
"12","10","SECU","PBO",1.45204573868267,0.997415017272839,20,103,1,22,0,FALSE,10,"Papp_2013a","H",2013,0,125,46,91,18,".",91,21,NA,84,77,"36","Matched (3)","RR","RR","SECU","PBO",3,2,103,22,20,1,103,22,103,22,-1.13822142676316,0.882139473107688,3,103,2,22,0,FALSE,10,"Papp_2013a","H",2013,0,125,46,91,18,".",91,21,NA,84,77,"36","Matched (3)","RR","RR","SECU","PBO",3,2,103,22,20,1,103,22,103,22,2013,"H"
"13","11","SECU","PBO",2.675069130187,0.997900745541466,73,337,1,67,0,FALSE,11,"Rich_2013","L",2013,0,404,44,306,17,".",NA,20.5,NA,263,292,"119","Matched (3)","RR","RR","SECU","PBO",12,1,337,67,73,1,337,67,337,67,0.869516338826605,1.03220182190721,12,337,1,67,0,FALSE,11,"Rich_2013","L",2013,0,404,44,306,17,".",NA,20.5,NA,263,292,"119","Matched (3)","RR","RR","SECU","PBO",12,1,337,67,73,1,337,67,337,67,2013,"L"
"14","14","MTX","CICLO",-0.763302167227074,0.559879498870233,4,41,9,43,0,FALSE,14,"Flystrom_2008","H",2007,0,84,46.5,55,NA,".",86,15,NA,58,8,"0","Matched (3)","RR","RR","MTX","CICLO",NA,NA,41,43,4,9,41,43,41,43,NA,NA,NA,41,NA,43,0,FALSE,14,"Flystrom_2008","H",2007,0,84,46.5,55,NA,".",86,15,NA,58,8,"0","Matched (3)","RR","RR","MTX","CICLO",NA,NA,41,43,4,9,41,43,41,43,2007,"H"
"15","15","CICLO","MTX",-0.194156014440958,0.291200198121139,14,44,17,44,0,FALSE,15,"Heydendael_2003","H",2003,0,88,42.5,57,NA,".",NA,13.5,NA,71,13,"na","Matched (3)","RR","RR","CICLO","MTX",NA,NA,44,44,14,17,44,44,44,44,NA,NA,NA,44,NA,44,0,FALSE,15,"Heydendael_2003","H",2003,0,88,42.5,57,NA,".",NA,13.5,NA,71,13,"na","Matched (3)","RR","RR","CICLO","MTX",NA,NA,44,44,14,17,44,44,44,44,2003,"H"
"16","17","IFX","PBO",3.78418963391826,0.994738498986114,172,301,1,77,0,FALSE,17,"EXPRESS_2005","L",2005,0,378,43,268,19,".",NA,23,NA,NA,NA,".","Matched (3)","RR","RR","IFX","PBO",17,2,301,77,172,1,301,77,301,77,0.776761320601079,0.736555671547331,17,301,2,77,0,FALSE,17,"EXPRESS_2005","L",2005,0,378,43,268,19,".",NA,23,NA,NA,NA,".","Matched (3)","RR","RR","IFX","PBO",17,2,301,77,172,1,301,77,301,77,2005,"L"
"17","18","PBO","IFX",-3.06444341521798,1.40421899499882,0,19,19,35,0.5,FALSE,18,"Torii_2010","M",2010,0,54,45,36,13,"25",69,32,54,36,NA,".","Matched (3)","RR","RR","PBO","IFX",1,1,19,35,0,19,19,35,19,35,0.610909082322973,1.38520648008923,1,19,1,35,0,FALSE,18,"Torii_2010","M",2010,0,54,45,36,13,"25",69,32,54,36,NA,".","Matched (3)","RR","RR","PBO","IFX",1,1,19,35,0,19,19,35,19,35,2010,"M"
"18","19","BRODA","PBO",3.75975010456442,1.40675819840813,89,160,0,38,0.5,FALSE,19,"Papp_2012a","L",2012,0,198,42.5,127,19,"30",90,19,187,110,141,"78","Matched (3)","RR","RR","BRODA","PBO",2,1,160,38,89,0,160,38,160,38,-0.744440474947496,1.2113769894324,2,160,1,38,0,FALSE,19,"Papp_2012a","L",2012,0,198,42.5,127,19,"30",90,19,187,110,141,"78","Matched (3)","RR","RR","BRODA","PBO",2,1,160,38,89,0,160,38,160,38,2012,"L"
"19","20","PBO","APRE",-3.31773840627689,1.00640765073624,1,282,55,562,0,FALSE,20,"ESTEEM-1_2015","L",2015,0,844,46.5,573,19.5,"31",93.5,19,NA,NA,314,"242","Matched (3)","RR","RR","PBO","APRE",8,12,282,562,1,55,282,562,282,562,0.284129670847413,0.450563951744864,8,282,12,562,0,FALSE,20,"ESTEEM-1_2015","L",2015,0,844,46.5,573,19.5,"31",93.5,19,NA,NA,314,"242","Matched (3)","RR","RR","PBO","APRE",8,12,282,562,1,55,282,562,282,562,2015,"L"
"20","21","PBO","ADA",-3.76814328488853,1.40988962759921,0,46,57,123,0.5,FALSE,21,"Asahina_2010","M",2010,0,169,45,143,14,".",70,28,163,43,71,"0","Matched (3)","RR","RR","PBO","ADA",2,4,46,123,0,57,46,123,46,123,0.290395778323377,0.848605201648213,2,46,4,123,0,FALSE,21,"Asahina_2010","M",2010,0,169,45,143,14,".",70,28,163,43,71,"0","Matched (3)","RR","RR","PBO","ADA",2,4,46,123,0,57,46,123,46,123,2010,"M"
"21","22","ADA","PBO",3.65395003829395,1.41377462869312,35,96,0,52,0.5,FALSE,22,"Gordon_2006","L",2006,0,148,44,99,20,".",95,16,NA,NA,NA,".","Matched (3)","RR","RR","ADA","PBO",14,0,96,52,35,0,96,52,96,52,2.75856599123911,1.42812996743757,14,96,0,52,0.5,FALSE,22,"Gordon_2006","L",2006,0,148,44,99,20,".",95,16,NA,NA,NA,".","Matched (3)","RR","RR","ADA","PBO",14,0,96,52,35,0,96,52,96,52,2006,"L"
"22","23","PBO","ADA",-2.98990039534704,0.331816647420979,9,398,366,814,0,FALSE,23,"REVEAL_2008","L",2008,0,1212,44,803,18,".",93,19,908,197,276,"150","Matched (3)","RR","RR","PBO","ADA",7,15,398,814,9,366,398,814,398,814,-0.0466316913287941,0.453632831132446,7,398,15,814,0,FALSE,23,"REVEAL_2008","L",2008,0,1212,44,803,18,".",93,19,908,197,276,"150","Matched (3)","RR","RR","PBO","ADA",7,15,398,814,9,366,398,814,398,814,2008,"L"
"23","25","PBO","ETA",-2.70805020110221,1.0170587997508,1,62,15,62,0,FALSE,25,"Bagel 2012","L",2012,0,124,40.5,69,15,"30",NA,15.5,NA,NA,NA,".","Matched (3)","RR","RR","PBO","ETA",NA,NA,62,62,1,15,62,62,62,62,NA,NA,NA,62,NA,62,0,FALSE,25,"Bagel 2012","L",2012,0,124,40.5,69,15,"30",NA,15.5,NA,NA,NA,".","Matched (3)","RR","RR","PBO","ETA",NA,NA,62,62,1,15,62,62,62,62,2012,"L"
"24","28","ETA","PBO",NA,NA,NA,57,NA,55,0,FALSE,28,"Gottlieb_2003a","H",2003,0,112,47.5,70,21.5,".",91.5,19,NA,97,82,".","Matched (3)","RR","RR","ETA","PBO",2,2,57,55,NA,NA,57,55,57,55,-0.0357180826020792,0.981974705462956,2,57,2,55,0,FALSE,28,"Gottlieb_2003a","H",2003,0,112,47.5,70,21.5,".",91.5,19,NA,97,82,".","Matched (3)","RR","RR","ETA","PBO",2,2,57,55,NA,NA,57,55,57,55,2003,"H"
"25","29","ETA","PBO",2.99573227355399,1.00435559376655,60,504,1,168,0,FALSE,29,"Leonardi_2003","L",2003,0,672,45,439,19,".",NA,18,NA,NA,NA,".","Matched (3)","RR","RR","ETA","PBO",NA,NA,504,168,60,1,504,168,504,168,NA,NA,NA,504,NA,168,0,FALSE,29,"Leonardi_2003","L",2003,0,672,45,439,19,".",NA,18,NA,NA,NA,".","Matched (3)","RR","RR","ETA","PBO",NA,NA,504,168,60,1,504,168,504,168,2003,"L"
"26","30","PBO","ETA",-3.38684425230734,1.0047836529826,1,204,59,407,0,FALSE,30,"Papp_2005","M",2005,0,611,45,382,19,".",NA,16.5,NA,NA,NA,".","Matched (3)","RR","RR","PBO","ETA",NA,NA,204,407,1,59,204,407,204,407,NA,NA,NA,204,NA,407,0,FALSE,30,"Papp_2005","M",2005,0,611,45,382,19,".",NA,16.5,NA,NA,NA,".","Matched (3)","RR","RR","PBO","ETA",NA,NA,204,407,1,59,204,407,204,407,2005,"M"
"27","31","PBO","ETA",-2.78164127349426,0.508854532598779,4,309,65,311,0,FALSE,31,"Tyring_2006","L",2006,0,620,46,419,20,".",NA,18,NA,NA,NA,".","Matched (3)","RR","RR","PBO","ETA",3,6,309,311,4,65,309,311,309,311,-0.686695545278457,0.702529942395131,3,309,6,311,0,FALSE,31,"Tyring_2006","L",2006,0,620,46,419,20,".",NA,18,NA,NA,NA,".","Matched (3)","RR","RR","PBO","ETA",3,6,309,311,4,65,309,311,309,311,2006,"L"
"28","32","PBO","ETA",-1.8292425624828,1.02213858151506,1,46,13,96,0,FALSE,32,"Vandekerkhof_2008","L",2008,0,143,45,84,18,".",NA,21,NA,NA,NA,".","Matched (3)","RR","RR","PBO","ETA",3,2,46,96,1,13,46,96,46,96,1.14117190308691,0.895085211715557,3,46,2,96,0,FALSE,32,"Vandekerkhof_2008","L",2008,0,143,45,84,18,".",NA,21,NA,NA,NA,".","Matched (3)","RR","RR","PBO","ETA",3,2,46,96,1,13,46,96,46,96,2008,"L"
"29","35","MTX","FUM",0.693147180559945,1.19721899973786,2,30,1,30,0,FALSE,35,"Fallaharani_2011","H",2011,0,60,42,36,16.5,";",85,16.5,50,29,33,"4","Matched (3)","RR","RR","MTX","FUM",NA,NA,30,30,2,1,30,30,30,30,NA,NA,NA,30,NA,30,0,FALSE,35,"Fallaharani_2011","H",2011,0,60,42,36,16.5,";",85,16.5,50,29,33,"4","Matched (3)","RR","RR","MTX","FUM",NA,NA,30,30,2,1,30,30,30,30,2011,"H"
"30","38","PBO","IXE",-3.30984760307393,1.4044107872436,0,27,57,115,0.5,FALSE,38,"Leonardi_2012","L",2012,0,142,46,81,16,".",93,18,NA,NA,NA,".","Matched (3)","RR","RR","PBO","IXE",1,2,27,115,0,57,27,115,27,115,0.755948081798976,1.20593006048819,1,27,2,115,0,FALSE,38,"Leonardi_2012","L",2012,0,142,46,81,16,".",93,18,NA,NA,NA,".","Matched (3)","RR","RR","PBO","IXE",1,2,27,115,0,57,27,115,27,115,2012,"L"
"31","40","PBO","IFX",-4.44955112399001,0.998735891190868,1,208,258,627,0,FALSE,40,"EXPRESS-II_2007","L",2007,0,835,44,551,18,".",92,20,768,NA,NA,"117","Matched (3)","RR","RR","PBO","IFX",5,12,208,627,1,258,208,627,208,627,0.227939723577703,0.526242097037003,5,208,12,627,0,FALSE,40,"EXPRESS-II_2007","L",2007,0,835,44,551,18,".",92,20,768,NA,NA,"117","Matched (3)","RR","RR","PBO","IFX",5,12,208,627,1,258,208,627,208,627,2007,"L"
"32","42","IFX","PBO",3.26853141531406,0.992544998164248,102,198,1,51,0,FALSE,42,"Gottlieb_2004a","L",2004,0,249,44,174,17,".",NA,19,226,171,216,"81","Matched (3)","RR","RR","IFX","PBO",12,0,198,51,102,1,198,51,198,51,1.86966853241065,1.43371710629975,12,198,0,51,0.5,FALSE,42,"Gottlieb_2004a","L",2004,0,249,44,174,17,".",NA,19,226,171,216,"81","Matched (3)","RR","RR","IFX","PBO",12,0,198,51,102,1,198,51,198,51,2004,"L"
"33","50","PBO","MTX",-0.990398704027877,1.59945045507567,0,17,1,19,0.5,FALSE,50,"Hunter_1963","H",1963,0,41,NA,NA,NA,".",NA,NA,NA,NA,NA,".","Matched (3)","RR","RR","PBO","MTX",NA,NA,17,19,0,1,17,19,17,19,NA,NA,NA,17,NA,19,0,FALSE,50,"Hunter_1963","H",1963,0,41,NA,NA,NA,".",NA,NA,NA,NA,NA,".","Matched (3)","RR","RR","PBO","MTX",NA,NA,17,19,0,1,17,19,17,19,1963,"H"
"34","52","CERTO","PBO",3.2017813915089,0.997137926476808,50,118,1,58,0,FALSE,52,"Reich_2012a","L",2012,0,176,43,123,20,"27",82,21,NA,NA,NA,"41","Matched (3)","RR","RR","CERTO","PBO",7,1,118,58,50,1,118,58,118,58,1.23566853513607,1.05694899937301,7,118,1,58,0,FALSE,52,"Reich_2012a","L",2012,0,176,43,123,20,"27",82,21,NA,NA,NA,"41","Matched (3)","RR","RR","CERTO","PBO",7,1,118,58,50,1,118,58,118,58,2012,"L"
"35","55","IFX","PBO",3.95567177009716,1.40954113639737,48,84,0,45,0.5,FALSE,55,"Yang_2012","H",2012,0,129,40,95,16,".",68,NA,NA,NA,NA,".","Matched (3)","RR","RR","IFX","PBO",1,0,84,45,48,0,84,45,84,45,0.479573080261886,1.62260726152758,1,84,0,45,0.5,FALSE,55,"Yang_2012","H",2012,0,129,40,95,16,".",68,NA,NA,NA,NA,".","Matched (3)","RR","RR","IFX","PBO",1,0,84,45,48,0,84,45,84,45,2012,"H"
"36","58","PBO","CICLO",NA,NA,NA,43,NA,84,0,FALSE,58,"Meffert_1997","H",1997,0,127,NA,NA,NA,".",NA,16,NA,NA,NA,".","Matched (3)","RR","RR","PBO","CICLO",0,5,43,84,NA,NA,43,84,43,84,-1.73390467652988,1.4652628967337,0,43,5,84,0.5,FALSE,58,"Meffert_1997","H",1997,0,127,NA,NA,NA,".",NA,16,NA,NA,NA,".","Matched (3)","RR","RR","PBO","CICLO",0,5,43,84,NA,NA,43,84,43,84,1997,"H"
"37","59","PBO","USK",NA,NA,NA,162,NA,160,0,FALSE,59,"LOTUS_2013","M",2013,0,322,40,248,14,".",70,23,309,120,132,"30","Matched (3)","RR","RR","PBO","USK",1,1,162,160,NA,NA,162,160,162,160,-0.0124225199985572,1.40981458372859,1,162,1,160,0,FALSE,59,"LOTUS_2013","M",2013,0,322,40,248,14,".",70,23,309,120,132,"30","Matched (3)","RR","RR","PBO","USK",1,1,162,160,NA,NA,162,160,162,160,2013,"M"
"38","66","APRE","PBO",1.79538923727863,0.728549192723943,24,275,2,138,0,FALSE,66,"ESTEEM-2_2015","L",2015,0,413,45.5,276,18.5,"31",91,19.5,NA,NA,159,"136","Matched (3)","RR","RR","APRE","PBO",5,3,275,138,24,2,275,138,275,138,-0.178691788743376,0.722807438316302,5,275,3,138,0,FALSE,66,"ESTEEM-2_2015","L",2015,0,413,45.5,276,18.5,"31",91,19.5,NA,NA,159,"136","Matched (3)","RR","RR","APRE","PBO",5,3,275,138,24,2,275,138,275,138,2015,"L"
"39","67","PBO","ETA",-3.54715129428524,0.998510795897475,1,108,108,336,0,FALSE,67,"Bachelez_2015","L",2015,0,444,44,304,17.5,".",81,19.5,NA,318,NA,"49","Matched (3)","RR","RR","PBO","ETA",2,7,108,336,1,108,108,336,108,336,-0.117783035656384,0.794116926605707,2,108,7,336,0,FALSE,67,"Bachelez_2015","L",2015,0,444,44,304,17.5,".",81,19.5,NA,318,NA,"49","Matched (3)","RR","RR","PBO","ETA",2,7,108,336,1,108,108,336,108,336,2015,"L"
"40","68","PBO","ADA",-2.92090848175625,1.0027792584534,1,42,19,43,0,FALSE,68,"Gordon_2015_X-PLORE","H",2015,0,293,47,207,19,"31",92,21,283,154,147,"126","Matched (3)","RR","RR","PBO","ADA",1,1,42,43,1,19,42,43,42,43,0.023530497410194,1.39747438696993,1,42,1,43,0,FALSE,68,"Gordon_2015_X-PLORE","H",2015,0,293,47,207,19,"31",92,21,283,154,147,"126","Matched (3)","RR","RR","PBO","ADA",1,1,42,43,1,19,42,43,42,43,2015,"H"
"41","68","PBO","GUSEL",-2.97484251708543,0.990803745568869,1,42,97,208,0,FALSE,68,"Gordon_2015_X-PLORE","H",2015,0,293,47,207,19,"31",92,21,283,154,147,"126","Matched (3)","RR","RR","PBO","GUSEL",1,3,42,208,1,97,42,208,42,208,0.50125617274984,1.14224170700256,1,42,3,208,0,FALSE,68,"Gordon_2015_X-PLORE","H",2015,0,293,47,207,19,"31",92,21,283,154,147,"126","Matched (3)","RR","RR","PBO","GUSEL",1,3,42,208,1,97,42,208,42,208,2015,"H"
"42","68","ADA","GUSEL",-0.0539340353291868,0.186754788524159,19,43,97,208,0,FALSE,68,"Gordon_2015_X-PLORE","H",2015,0,293,47,207,19,"31",92,21,283,154,147,"126","Matched (3)","RR","RR","ADA","GUSEL",1,3,43,208,19,97,43,208,43,208,0.477725675339646,1.14248405987661,1,43,3,208,0,FALSE,68,"Gordon_2015_X-PLORE","H",2015,0,293,47,207,19,"31",92,21,283,154,147,"126","Matched (3)","RR","RR","ADA","GUSEL",1,3,43,208,19,97,43,208,43,208,2015,"H"
"43","69","ETA","IXE",-1.24791868319831,0.11356590371365,67,358,455,698,0,FALSE,69,"UNCOVER-2_2015","L",2015,0,1224,45,821,19,"31",91,21,1007,570,606,"288","Matched (3)","RR","RR","ETA","IXE",8,13,358,698,67,455,358,698,358,698,0.182178300579971,0.44463143847151,8,358,13,698,0,FALSE,69,"UNCOVER-2_2015","L",2015,0,1224,45,821,19,"31",91,21,1007,570,606,"288","Matched (3)","RR","RR","ETA","IXE",8,13,358,698,67,455,358,698,358,698,2015,"L"
"44","69","ETA","PBO",3.44812361239352,1.00308508915872,67,358,1,168,0,FALSE,69,"UNCOVER-2_2015","L",2015,0,1224,45,821,19,"31",91,21,1007,570,606,"288","Matched (3)","RR","RR","ETA","PBO",8,2,358,168,67,1,358,168,358,168,0.629725354122449,0.78501867682128,8,358,2,168,0,FALSE,69,"UNCOVER-2_2015","L",2015,0,1224,45,821,19,"31",91,21,1007,570,606,"288","Matched (3)","RR","RR","ETA","PBO",8,2,358,168,67,1,358,168,358,168,2015,"L"
"45","69","IXE","PBO",4.69604229559184,0.997403006055714,455,698,1,168,0,FALSE,69,"UNCOVER-2_2015","L",2015,0,1224,45,821,19,"31",91,21,1007,570,606,"288","Matched (3)","RR","RR","IXE","PBO",13,2,698,168,455,1,698,168,698,168,0.447547053542478,0.754677435209407,13,698,2,168,0,FALSE,69,"UNCOVER-2_2015","L",2015,0,1224,45,821,19,"31",91,21,1007,570,606,"288","Matched (3)","RR","RR","IXE","PBO",13,2,698,168,455,1,698,168,698,168,2015,"L"
"46","70","ETA","IXE",-0.954988021827839,0.0907457382808815,98,382,514,771,0,FALSE,70,"UNCOVER-3_2015","L",2015,0,1346,46,918,18,"30.5",91,21,1063,522,615,"209","Matched (3)","RR","RR","ETA","IXE",5,15,382,771,98,514,382,771,382,771,-0.396344523711355,0.512593258596255,5,382,15,771,0,FALSE,70,"UNCOVER-3_2015","L",2015,0,1346,46,918,18,"30.5",91,21,1063,522,615,"209","Matched (3)","RR","RR","ETA","IXE",5,15,382,771,98,514,382,771,382,771,2015,"L"
"47","70","ETA","PBO",2.11047758974083,0.411183170985803,98,382,6,193,0,FALSE,70,"UNCOVER-3_2015","L",2015,0,1346,46,918,18,"30.5",91,21,1063,522,615,"209","Matched (3)","RR","RR","ETA","PBO",5,5,382,193,98,6,382,193,382,193,-0.682730419701689,0.626259412546127,5,382,5,193,0,FALSE,70,"UNCOVER-3_2015","L",2015,0,1346,46,918,18,"30.5",91,21,1063,522,615,"209","Matched (3)","RR","RR","ETA","PBO",5,5,382,193,98,6,382,193,382,193,2015,"L"
"48","70","PBO","IXE",-3.06546561156867,0.402658450733394,6,193,514,771,0,FALSE,70,"UNCOVER-3_2015","L",2015,0,1346,46,918,18,"30.5",91,21,1063,522,615,"209","Matched (3)","RR","RR","PBO","IXE",5,15,193,771,6,514,193,771,193,771,0.286385895990334,0.510086563884198,5,193,15,771,0,FALSE,70,"UNCOVER-3_2015","L",2015,0,1346,46,918,18,"30.5",91,21,1063,522,615,"209","Matched (3)","RR","RR","PBO","IXE",5,15,193,771,6,514,193,771,193,771,2015,"L"
"49","72","USK","SECU",-0.319176091269519,0.0552450394181968,193,339,264,337,0,FALSE,72,"CLEAR_2015","L",2015,0,676,45,481,18,"29",87,22,NA,NA,441,"92","Matched (3)","RR","RR","USK","SECU",10,10,339,337,193,264,339,337,339,337,-0.00591717702808862,0.440548281624364,10,339,10,337,0,FALSE,72,"CLEAR_2015","L",2015,0,676,45,481,18,"29",87,22,NA,NA,441,"92","Matched (3)","RR","RR","USK","SECU",10,10,339,337,193,264,339,337,339,337,2015,"L"
"50","73","SECU","PBO",4.06405504039512,1.41170134556545,57,121,0,61,0.5,FALSE,73,"JUNCTURE_2015","L",2015,0,182,45,125,21,".",91,20,NA,NA,90,"43","Matched (3)","RR","RR","SECU","PBO",4,1,121,61,57,0,121,61,121,61,0.701377679696461,1.10695171284349,4,121,1,61,0,FALSE,73,"JUNCTURE_2015","L",2015,0,182,45,125,21,".",91,20,NA,NA,90,"43","Matched (3)","RR","RR","SECU","PBO",4,1,121,61,57,0,121,61,121,61,2015,"L"
"51","74","PBO","BRODA",-4.22913355300021,0.705319207765236,2,220,186,298,0,FALSE,74,"AMAGINE-1 2016","L",2016,0,661,46,484,20,".",91,20,NA,NA,NA,"305","Matched (3)","RR","RR","PBO","BRODA",3,6,220,298,2,186,220,298,220,298,-0.389681240406902,0.701497570028977,3,220,6,298,0,FALSE,74,"AMAGINE-1 2016","L",2016,0,661,46,484,20,".",91,20,NA,NA,NA,"305","Matched (3)","RR","RR","PBO","BRODA",3,6,220,298,2,186,220,298,220,298,2016,"L"
"52","75","PBO","BRODA",-3.06908142437372,0.990181626270752,1,38,64,113,0,FALSE,75,"Nakagawa_2016","H",2015,0,151,45,120,15,".",74,26,NA,NA,NA,"16","Matched (3)","RR","RR","PBO","BRODA",1,3,38,113,1,64,38,113,38,113,-0.00881062968215492,1.13937175071946,1,38,3,113,0,FALSE,75,"Nakagawa_2016","H",2015,0,151,45,120,15,".",74,26,NA,NA,NA,"16","Matched (3)","RR","RR","PBO","BRODA",1,3,38,113,1,64,38,113,38,113,2015,"H"
"53","76","PBO","BRODA",-2.91692550392194,0.311950977712573,10,309,731,1222,0,FALSE,76,"AMAGINE-2_2015","M",2015,0,1831,45,1258,19,"31",91,20,NA,NA,NA,"530","Matched (3)","RR","RR","PBO","BRODA",8,19,309,1222,10,731,309,1222,309,1222,0.509905425347191,0.416625734187305,8,309,19,1222,0,FALSE,76,"AMAGINE-2_2015","M",2015,0,1831,45,1258,19,"31",91,20,NA,NA,NA,"530","Matched (3)","RR","RR","PBO","BRODA",8,19,309,1222,10,731,309,1222,309,1222,2015,"M"
"54","76","PBO","USK",-2.67573359962567,0.317053022842449,10,309,141,300,0,FALSE,76,"AMAGINE-2_2015","M",2015,0,1831,45,1258,19,"31",91,20,NA,NA,NA,"530","Matched (3)","RR","RR","PBO","USK",8,4,309,300,10,141,309,300,309,300,0.663588378318401,0.606984695615939,8,309,4,300,0,FALSE,76,"AMAGINE-2_2015","M",2015,0,1831,45,1258,19,"31",91,20,NA,NA,NA,"530","Matched (3)","RR","RR","PBO","USK",8,4,309,300,10,141,309,300,309,300,2015,"M"
"55","76","USK","BRODA",-0.241191904296271,0.0656393456605857,141,300,731,1222,0,FALSE,76,"AMAGINE-2_2015","M",2015,0,1831,45,1258,19,"31",91,20,NA,NA,NA,"530","Matched (3)","RR","RR","USK","BRODA",4,19,300,1222,141,731,300,1222,300,1222,-0.15368295297121,0.546333153861699,4,300,19,1222,0,FALSE,76,"AMAGINE-2_2015","M",2015,0,1831,45,1258,19,"31",91,20,NA,NA,NA,"530","Matched (3)","RR","RR","USK","BRODA",4,19,300,1222,141,731,300,1222,300,1222,2015,"M"
"56","77","USK","BRODA",-0.237002305878159,0.0635703385459245,149,313,756,1253,0,FALSE,77,"AMAGINE-3_2015","M",2015,0,1881,45,1288,18,"30",89,20,NA,NA,NA,"468","Matched (3)","RR","RR","USK","BRODA",2,19,313,1253,149,756,313,1253,313,1253,-0.86419903425058,0.740701428492944,2,313,19,1253,0,FALSE,77,"AMAGINE-3_2015","M",2015,0,1881,45,1288,18,"30",89,20,NA,NA,NA,"468","Matched (3)","RR","RR","USK","BRODA",2,19,313,1253,149,756,313,1253,313,1253,2015,"M"
"57","77","USK","PBO",3.40087784179684,0.447595708248478,149,313,5,315,0,FALSE,77,"AMAGINE-3_2015","M",2015,0,1881,45,1288,18,"30",89,20,NA,NA,NA,"468","Matched (3)","RR","RR","USK","PBO",2,3,313,315,149,5,313,315,313,315,-0.399095659822685,0.909375523081536,2,313,3,315,0,FALSE,77,"AMAGINE-3_2015","M",2015,0,1881,45,1288,18,"30",89,20,NA,NA,NA,"468","Matched (3)","RR","RR","USK","PBO",2,3,313,315,149,5,313,315,313,315,2015,"M"
"58","77","PBO","BRODA",-3.637880147675,0.44424099715265,5,315,756,1253,0,FALSE,77,"AMAGINE-3_2015","M",2015,0,1881,45,1288,18,"30",89,20,NA,NA,NA,"468","Matched (3)","RR","RR","PBO","BRODA",3,19,315,1253,5,756,315,1253,315,1253,-0.465103374427895,0.618055195358094,3,315,19,1253,0,FALSE,77,"AMAGINE-3_2015","M",2015,0,1881,45,1288,18,"30",89,20,NA,NA,NA,"468","Matched (3)","RR","RR","PBO","BRODA",3,19,315,1253,5,756,315,1253,315,1253,2015,"M"
"59","78","PBO","TILDRA",-2.74926046974887,0.992244139884098,1,46,105,309,0,FALSE,78,"Papp_2015","M",2015,0,355,45,270,NA,"29",NA,NA,NA,NA,NA,"95","Matched (3)","RR","RR","PBO","TILDRA",0,4,46,309,1,105,46,309,46,309,-0.301718797804879,1.48239192796896,0,46,4,309,0.5,FALSE,78,"Papp_2015","M",2015,0,355,45,270,NA,"29",NA,NA,NA,NA,NA,"95","Matched (3)","RR","RR","PBO","TILDRA",0,4,46,309,1,105,46,309,46,309,2015,"M"
"60","79","ETA","IFX",-2.21920348405499,1.00822702757387,1,23,10,25,0,FALSE,79,"PIECE_2016","H",2016,0,48,44,31,20,".",NA,17,NA,NA,NA,".","Matched (3)","RR","RR","ETA","IFX",1,1,23,25,1,10,23,25,23,25,0.083381608939051,1.38438496782161,1,23,1,25,0,FALSE,79,"PIECE_2016","H",2016,0,48,44,31,20,".",NA,17,NA,NA,NA,".","Matched (3)","RR","RR","ETA","IFX",1,1,23,25,1,10,23,25,23,25,2016,"H"
"61","80","PBO","ADA",-2.7806918973334,0.569385326044045,3,87,188,338,0,FALSE,80,"Cai_2016","L",2016,0,425,43,312,15,"24",70,28,NA,NA,NA,".","Matched (3)","RR","RR","PBO","ADA",3,4,87,338,3,188,87,338,87,338,1.06945570437665,0.754241672528185,3,87,4,338,0,FALSE,80,"Cai_2016","L",2016,0,425,43,312,15,"24",70,28,NA,NA,NA,".","Matched (3)","RR","RR","PBO","ADA",3,4,87,338,3,188,87,338,87,338,2016,"L"
"62","81","PBO","SECU",-2.28867666294791,1.38464493382589,0,10,42,90,0.5,FALSE,81,"Reich_2015","L",2015,0,100,NA,NA,NA,".",NA,NA,NA,NA,NA,".","Matched (3)","RR","RR","PBO","SECU",0,7,10,90,0,42,10,90,10,90,-0.554075607559807,1.4237434861443,0,10,7,90,0.5,FALSE,81,"Reich_2015","L",2015,0,100,NA,NA,NA,".",NA,NA,NA,NA,NA,".","Matched (3)","RR","RR","PBO","SECU",0,7,10,90,0,42,10,90,10,90,2015,"L"
"63","84","PBO","ETA",-2.76725537626442,1.00424347116052,1,68,33,141,0,FALSE,84,"Gottlieb_2011","L",2011,0,209,43.5,145,18,".",95,19,192,53,56,"30","Matched (3)","RR","RR","PBO","ETA",1,1,68,141,1,33,68,141,68,141,0.729252185202062,1.40648566258796,1,68,1,141,0,FALSE,84,"Gottlieb_2011","L",2011,0,209,43.5,145,18,".",95,19,192,53,56,"30","Matched (3)","RR","RR","PBO","ETA",1,1,68,141,1,33,68,141,68,141,2011,"L"
"64","85","PBO","ETA",-1.53941676322158,0.59100527652227,3,72,27,139,0,FALSE,85,"Strober_2011","L",2011,0,211,45,131,15,".",95,18,202,39,64,"14","Matched (3)","RR","RR","PBO","ETA",2,1,72,139,3,27,72,139,72,139,1.35095499467458,1.21610725945814,2,72,1,139,0,FALSE,85,"Strober_2011","L",2011,0,211,45,131,15,".",95,18,202,39,64,"14","Matched (3)","RR","RR","PBO","ETA",2,1,72,139,3,27,72,139,72,139,2011,"L"
"65","86","IXE","PBO",4.98355119218894,0.705854255255734,586,865,2,431,0,FALSE,86,"UNCOVER-1_2016","L",2016,0,1296,46,883,20,".",92,20,NA,1261,684,"522","Matched (3)","RR","RR","IXE","PBO",18,5,865,431,586,2,865,431,865,431,0.584312428633933,0.502074994972409,18,865,5,431,0,FALSE,86,"UNCOVER-1_2016","L",2016,0,1296,46,883,20,".",92,20,NA,1261,684,"522","Matched (3)","RR","RR","IXE","PBO",18,5,865,431,586,2,865,431,865,431,2016,"L"
"66","87","PBO","MTX",-2.36455885253078,1.41978124856355,0,29,16,91,0.5,FALSE,87,"METOP_2017","L",2016,0,120,45,100,18,"30",93,15,NA,8,36,"6","Matched (3)","RR","RR","PBO","MTX",4,1,29,91,0,16,29,91,29,91,2.52985803765027,1.09751001379956,4,29,1,91,0,FALSE,87,"METOP_2017","L",2016,0,120,45,100,18,"30",93,15,NA,8,36,"6","Matched (3)","RR","RR","PBO","MTX",4,1,29,91,0,16,29,91,29,91,2016,"L"
"67","88","PBO","FUM",-1.49738050351838,0.408343500613986,6,138,110,566,0,FALSE,88,"BRIDGE_2017","H",2016,0,704,44.5,452,NA,".",NA,16,NA,NA,NA,".","Matched (3)","RR","RR","PBO","FUM",5,17,138,566,6,110,138,566,138,566,0.187564961423863,0.499810332173989,5,138,17,566,0,FALSE,88,"BRIDGE_2017","H",2016,0,704,44.5,452,NA,".",NA,16,NA,NA,NA,".","Matched (3)","RR","RR","PBO","FUM",5,17,138,566,6,110,138,566,138,566,2016,"H"
"68","91","APRE","PBO",1.99243016469021,1.0150384378451,22,264,1,88,0,FALSE,91,"Papp_2012c","L",2012,0,352,44,221,19,"31",92,18.5,NA,NA,176,".","Matched (3)","RR","RR","APRE","PBO",7,2,264,88,22,1,264,88,264,88,0.154150679827258,0.792278756313476,7,264,2,88,0,FALSE,91,"Papp_2012c","L",2012,0,352,44,221,19,"31",92,18.5,NA,NA,176,".","Matched (3)","RR","RR","APRE","PBO",7,2,264,88,22,1,264,88,264,88,2012,"L"
"69","92","APRE","PBO",NA,NA,NA,173,NA,87,0,FALSE,92,"Papp_2013b","H",2013,0,260,46,163,19,".",NA,19.5,NA,NA,NA,".","Matched (3)","RR","RR","APRE","PBO",2,4,173,87,NA,NA,173,87,173,87,-1.38053065640314,0.855993808567344,2,173,4,87,0,FALSE,92,"Papp_2013b","H",2013,0,260,46,163,19,".",NA,19.5,NA,NA,NA,".","Matched (3)","RR","RR","APRE","PBO",2,4,173,87,NA,NA,173,87,173,87,2013,"H"
"70","93","ETA","APRE",0.348306694268216,0.343599297442427,17,83,12,83,0,FALSE,93,"LIBERATE_2017","M",2016,0,250,45,157,18,"29.5",88.5,19.5,NA,NA,194,"","Matched (3)","RR","RR","ETA","APRE",2,3,83,83,17,12,83,83,83,83,-0.336472236621213,0.813487670408042,2,83,3,83,0.5,FALSE,93,"LIBERATE_2017","M",2016,0,250,45,157,18,"29.5",88.5,19.5,NA,NA,194,"","Matched (3)","RR","RR","ETA","APRE",2,3,83,83,17,12,83,83,83,83,2016,"M"
"71","93","ETA","PBO",1.74657724643482,0.606798078498319,17,83,3,84,0,FALSE,93,"LIBERATE_2017","M",2016,0,250,45,157,18,"29.5",88.5,19.5,NA,NA,194,"","Matched (3)","RR","RR","ETA","PBO",2,0,83,84,17,3,83,84,83,84,1.62134281494042,1.54148942019372,2,83,0,84,0.5,FALSE,93,"LIBERATE_2017","M",2016,0,250,45,157,18,"29.5",88.5,19.5,NA,NA,194,"","Matched (3)","RR","RR","ETA","PBO",2,0,83,84,17,3,83,84,83,84,2016,"M"
"72","93","PBO","APRE",-1.39827055216661,0.626668741833212,3,84,12,83,0,FALSE,93,"LIBERATE_2017","M",2016,0,250,45,157,18,"29.5",88.5,19.5,NA,NA,194,"","Matched (3)","RR","RR","PBO","APRE",0,3,84,83,3,12,84,83,84,83,-1.95781505156163,1.50396273832947,0,84,3,83,0.5,FALSE,93,"LIBERATE_2017","M",2016,0,250,45,157,18,"29.5",88.5,19.5,NA,NA,194,"","Matched (3)","RR","RR","PBO","APRE",0,3,84,83,3,12,84,83,84,83,2016,"M"
"73","94","GUSEL","ADA",0.38789238734544,0.0643424302077852,241,329,166,334,0,FALSE,94,"VOYAGE-1_2016","L",2016,0,837,44,608,17.5,"30",NA,22,762,454,517,"175","Matched (3)","RR","RR","GUSEL","ADA",8,6,329,334,241,166,329,334,329,334,0.30276531466311,0.534446574516862,8,329,6,334,0,FALSE,94,"VOYAGE-1_2016","L",2016,0,837,44,608,17.5,"30",NA,22,762,454,517,"175","Matched (3)","RR","RR","GUSEL","ADA",8,6,329,334,241,166,329,334,329,334,2016,"L"
"74","94","GUSEL","PBO",3.23835656950571,0.441998571806254,241,329,5,174,0,FALSE,94,"VOYAGE-1_2016","L",2016,0,837,44,608,17.5,"30",NA,22,762,454,517,"175","Matched (3)","RR","RR","GUSEL","PBO",8,3,329,174,241,5,329,174,329,174,0.343826801460883,0.670482433191758,8,329,3,174,0,FALSE,94,"VOYAGE-1_2016","L",2016,0,837,44,608,17.5,"30",NA,22,762,454,517,"175","Matched (3)","RR","RR","GUSEL","PBO",8,3,329,174,241,5,329,174,329,174,2016,"L"
"75","94","ADA","PBO",2.85046418216027,0.444165462381659,166,334,5,174,0,FALSE,94,"VOYAGE-1_2016","L",2016,0,837,44,608,17.5,"30",NA,22,762,454,517,"175","Matched (3)","RR","RR","ADA","PBO",6,3,334,174,166,5,334,174,334,174,0.0410614867977739,0.700898610062233,6,334,3,174,0,FALSE,94,"VOYAGE-1_2016","L",2016,0,837,44,608,17.5,"30",NA,22,762,454,517,"175","Matched (3)","RR","RR","ADA","PBO",6,3,334,174,166,5,334,174,334,174,2016,"L"
"76","95","PBO","ADA",-2.96183072187831,0.408928893810167,6,248,116,248,0,FALSE,95,"VOYAGE-2_2017","L",2016,0,992,44,692,18,"30",NA,22,947,565,639,"204","Matched (3)","RR","RR","PBO","ADA",3,6,248,248,6,116,248,248,248,248,-0.693147180559945,0.701381125972868,3,248,6,248,0,FALSE,95,"VOYAGE-2_2017","L",2016,0,992,44,692,18,"30",NA,22,947,565,639,"204","Matched (3)","RR","RR","PBO","ADA",3,6,248,248,6,116,248,248,248,248,2016,"L"
"77","95","PBO","GUSEL",-3.36441813015886,0.404351485653628,6,248,347,496,0,FALSE,95,"VOYAGE-2_2017","L",2016,0,992,44,692,18,"30",NA,22,947,565,639,"204","Matched (3)","RR","RR","PBO","GUSEL",3,8,248,496,6,347,248,496,248,496,-0.287682072451781,0.672521335153435,3,248,8,496,0,FALSE,95,"VOYAGE-2_2017","L",2016,0,992,44,692,18,"30",NA,22,947,565,639,"204","Matched (3)","RR","RR","PBO","GUSEL",3,8,248,496,6,347,248,496,248,496,2016,"L"
"78","95","GUSEL","ADA",0.402587408280549,0.0738521965739793,347,496,116,248,0,FALSE,95,"VOYAGE-2_2017","L",2016,0,992,44,692,18,"30",NA,22,947,565,639,"204","Matched (3)","RR","RR","GUSEL","ADA",8,6,496,248,347,116,496,248,496,248,-0.405465108108164,0.534432670754598,8,496,6,248,0,FALSE,95,"VOYAGE-2_2017","L",2016,0,992,44,692,18,"30",NA,22,947,565,639,"204","Matched (3)","RR","RR","GUSEL","ADA",8,6,496,248,347,116,496,248,496,248,2016,"L"
"79","97","USK","SECU",-0.345819028342274,0.0457165451055175,299,552,421,550,0,FALSE,97,"CLARITY_2018","L",2018,0,1102,45,732,17,".",92,21,NA,NA,NA,"240","Matched (3)","RR","RR","USK","SECU",9,14,552,550,299,421,552,550,552,550,-0.445462520329618,0.422977430270933,9,552,14,550,0,FALSE,97,"CLARITY_2018","L",2018,0,1102,45,732,17,".",92,21,NA,NA,NA,"240","Matched (3)","RR","RR","USK","SECU",9,14,552,550,299,421,552,550,552,550,2018,"L"
"80","99","ADA","PBO",1.89502079754982,0.381706912979001,47,109,7,108,0,FALSE,99,"Elewski_2016","L",2016,0,217,47,183,19,"29",90,12.5,NA,NA,NA,".","Matched (3)","RR","RR","ADA","PBO",8,5,109,108,47,7,109,108,109,108,0.460786974140812,0.553684412652312,8,109,5,108,0,FALSE,99,"Elewski_2016","L",2016,0,217,47,183,19,"29",90,12.5,NA,NA,NA,".","Matched (3)","RR","RR","ADA","PBO",8,5,109,108,47,7,109,108,109,108,2016,"L"
"81","101","RISAN","PBO",2.73222920299819,0.437348164480241,229,304,5,102,0,FALSE,101,"UltIMMa-1_2018 Ê","L",2018,0,506,48,361,NA,"29.5",NA,20.5,NA,NA,NA,"174","Matched (3)","RR","RR","RISAN","PBO",7,3,304,102,229,5,304,102,304,102,-0.244757027734747,0.680512366483988,7,304,3,102,0,FALSE,101,"UltIMMa-1_2018 Ê","L",2018,0,506,48,361,NA,"29.5",NA,20.5,NA,NA,NA,"174","Matched (3)","RR","RR","RISAN","PBO",7,3,304,102,229,5,304,102,304,102,2018,"L"
"82","101","RISAN","USK",0.584194869852741,0.122011730388465,229,304,42,100,0,FALSE,101,"UltIMMa-1_2018 Ê","L",2018,0,506,48,361,NA,"29.5",NA,20.5,NA,NA,NA,"174","Matched (3)","RR","RR","RISAN","USK",7,8,304,100,229,42,304,100,304,100,-1.24538890804265,0.50454699401833,7,304,8,100,0,FALSE,101,"UltIMMa-1_2018 Ê","L",2018,0,506,48,361,NA,"29.5",NA,20.5,NA,NA,NA,"174","Matched (3)","RR","RR","RISAN","USK",7,8,304,100,229,42,304,100,304,100,2018,"L"
"83","101","PBO","USK",-2.14803433314545,0.451669793367784,5,102,42,100,0,FALSE,101,"UltIMMa-1_2018 Ê","L",2018,0,506,48,361,NA,"29.5",NA,20.5,NA,NA,NA,"174","Matched (3)","RR","RR","PBO","USK",3,8,102,100,5,42,102,100,102,100,-1.00063188030791,0.662215532711749,3,102,8,100,0,FALSE,101,"UltIMMa-1_2018 Ê","L",2018,0,506,48,361,NA,"29.5",NA,20.5,NA,NA,NA,"174","Matched (3)","RR","RR","PBO","USK",3,8,102,100,5,42,102,100,102,100,2018,"L"
"84","102","USK","PBO",3.1468480496861,0.7077934048937,47,99,2,98,0,FALSE,102,"UltIMMa-2_2018 Ê","L",2018,0,491,47,336,NA,"31",NA,19,NA,NA,NA,"203","Matched (3)","RR","RR","USK","PBO",3,1,99,98,47,2,99,98,99,98,1.08845991720409,1.14587444408175,3,99,1,98,0,FALSE,102,"UltIMMa-2_2018 Ê","L",2018,0,491,47,336,NA,"31",NA,19,NA,NA,NA,"203","Matched (3)","RR","RR","USK","PBO",3,1,99,98,47,2,99,98,99,98,2018,"L"
"85","102","USK","RISAN",-0.455020027438211,0.110994052295191,47,99,220,294,0,FALSE,102,"UltIMMa-2_2018 Ê","L",2018,0,491,47,336,NA,"31",NA,19,NA,NA,NA,"203","Matched (3)","RR","RR","USK","RISAN",3,6,99,294,47,220,99,294,99,294,0.395312736644147,0.697493820298626,3,99,6,294,0,FALSE,102,"UltIMMa-2_2018 Ê","L",2018,0,491,47,336,NA,"31",NA,19,NA,NA,NA,"203","Matched (3)","RR","RR","USK","RISAN",3,6,99,294,47,220,99,294,99,294,2018,"L"
"86","102","PBO","RISAN",-3.60186807712431,0.700671115694506,2,98,220,294,0,FALSE,102,"UltIMMa-2_2018 Ê","L",2018,0,491,47,336,NA,"31",NA,19,NA,NA,NA,"203","Matched (3)","RR","RR","PBO","RISAN",1,6,98,294,2,220,98,294,98,294,-0.693147180559945,1.07380688416949,1,98,6,294,0,FALSE,102,"UltIMMa-2_2018 Ê","L",2018,0,491,47,336,NA,"31",NA,19,NA,NA,NA,"203","Matched (3)","RR","RR","PBO","RISAN",1,6,98,294,2,220,98,294,98,294,2018,"L"
"87","103","PBO","CERTO",-2.99900559889896,0.994392560751194,1,51,72,183,0,FALSE,103,"CIMPASI-1_2018","L",2018,0,234,46,162,17,"31",93,20,NA,NA,NA,"74","Matched (3)","RR","RR","PBO","CERTO",1,7,51,183,1,72,51,183,51,183,-0.668249628938218,1.05725343170196,1,51,7,183,0,FALSE,103,"CIMPASI-1_2018","L",2018,0,234,46,162,17,"31",93,20,NA,NA,NA,"74","Matched (3)","RR","RR","PBO","CERTO",1,7,51,183,1,72,51,183,51,183,2018,"L"
"88","104","CERTO","PBO",2.57076645885914,0.696060467916457,95,178,2,49,0,FALSE,104,"CIMPASI-2_2018","L",2018,0,227,45,127,17,"31",93,18,NA,NA,NA,"76","Matched (3)","RR","RR","CERTO","PBO",6,0,178,49,95,2,178,49,178,49,1.28233342581649,1.45878096119595,6,178,0,49,0.5,FALSE,104,"CIMPASI-2_2018","L",2018,0,227,45,127,17,"31",93,18,NA,NA,NA,"76","Matched (3)","RR","RR","CERTO","PBO",6,0,178,49,95,2,178,49,178,49,2018,"L"
"89","108","PBO","ADA",NA,NA,NA,31,NA,33,0,FALSE,108,"VIP trial_2018 Ê","M",2018,0,96,43,67,13,"32",NA,17,NA,29,31,"29","Matched (3)","RR","RR","PBO","ADA",0,2,31,33,NA,NA,31,33,31,33,-1.54788001943467,1.52918384178794,0,31,2,33,0.5,FALSE,108,"VIP trial_2018 Ê","M",2018,0,96,43,67,13,"32",NA,17,NA,29,31,"29","Matched (3)","RR","RR","PBO","ADA",0,2,31,33,NA,NA,31,33,31,33,2018,"M"
"90","114","PBO","GUSEL",-3.22207071576472,1.39443414006287,0,16,47,62,0.5,FALSE,114,"ORION_2020Ê","L",2019,0,78,46,53,19,"31",NA,18,NA,NA,NA,"","Matched (3)","RR","RR","PBO","GUSEL",0,2,16,62,0,47,16,62,16,62,-0.277631736598279,1.5242683291973,0,16,2,62,0.5,FALSE,114,"ORION_2020Ê","L",2019,0,78,46,53,19,"31",NA,18,NA,NA,NA,"","Matched (3)","RR","RR","PBO","GUSEL",0,2,16,62,0,47,16,62,16,62,2019,"L"
"91","116","PBO","RISAN",-3.7757064483244,0.992811043980618,1,58,85,113,0,FALSE,116,"SustaIMM_2019","L",2019,0,171,52,143,NA,"26.5",74,26,NA,NA,NA,"38","Matched (3)","RR","RR","PBO","RISAN",1,4,58,113,1,85,58,113,58,113,-0.719349552953969,1.10630423626032,1,58,4,113,0,FALSE,116,"SustaIMM_2019","L",2019,0,171,52,143,NA,"26.5",74,26,NA,NA,NA,"38","Matched (3)","RR","RR","PBO","RISAN",1,4,58,113,1,85,58,113,58,113,2019,"L"
"92","117","APRE","PBO",2.18539011968922,1.01870920321239,18,170,1,84,0,FALSE,117,"Ohtsuki_2017 Ê","L",2017,0,254,50.5,202,13,"25",70,21,NA,NA,NA,".","Matched (3)","RR","RR","APRE","PBO",4,0,170,84,18,1,170,84,170,84,1.49524081497578,1.48476355021811,4,170,0,84,0.5,FALSE,117,"Ohtsuki_2017 Ê","L",2017,0,254,50.5,202,13,"25",70,21,NA,NA,NA,".","Matched (3)","RR","RR","APRE","PBO",4,0,170,84,18,1,170,84,170,84,2017,"L"
"93","118","PBO","GUSEL",-4.50923335073228,1.40988075617075,0,64,90,128,0.5,FALSE,118,"Ohtsuki_2018","M",2018,0,192,49,145,14,"25",71,26,191,96,115,"35","Matched (3)","RR","RR","PBO","GUSEL",2,2,64,128,0,90,64,128,64,128,0.693147180559945,0.988211768802619,2,64,2,128,0,FALSE,118,"Ohtsuki_2018","M",2018,0,192,49,145,14,"25",71,26,191,96,115,"35","Matched (3)","RR","RR","PBO","GUSEL",2,2,64,128,0,90,64,128,64,128,2018,"M"
"94","120","PBO","BIME",-4.06205421496017,1.40665986259131,0,42,142,208,0.5,FALSE,120,"BE ABLE 1_2018","L",2018,0,250,44,163,15,"",88,19,NA,122,90,"58","Matched (3)","RR","RR","PBO","BIME",1,1,42,208,0,142,42,208,42,208,1.59986846141795,1.40405939471334,1,42,1,208,0,FALSE,120,"BE ABLE 1_2018","L",2018,0,250,44,163,15,"",88,19,NA,122,90,"58","Matched (3)","RR","RR","PBO","BIME",1,1,42,208,0,142,42,208,42,208,2018,"L"
"95","121","RISAN","USK",0.436717651612269,0.205873759580974,78,126,16,40,0,FALSE,121,"Papp_2017b","H",2017,0,166,46,109,NA,".",90,20,NA,NA,NA,".","Matched (3)","RR","RR","RISAN","USK",11,3,126,40,78,16,126,40,126,40,0.151880531292719,0.625544495864136,11,126,3,40,0,FALSE,121,"Papp_2017b","H",2017,0,166,46,109,NA,".",90,20,NA,NA,NA,".","Matched (3)","RR","RR","RISAN","USK",11,3,126,40,78,16,126,40,126,40,2017,"H"
"96","122","DEUCRAVA","PBO",2.6380916124953,0.993864189362139,69,222,1,45,0,FALSE,122,"Papp_2018","L",2018,0,267,45,194,15,"29",88,18,NA,NA,NA,"115","Matched (3)","RR","RR","DEUCRAVA","PBO",3,1,222,45,69,1,222,45,222,45,-0.49740260343385,1.14306894219317,3,222,1,45,0,FALSE,122,"Papp_2018","L",2018,0,267,45,194,15,"29",88,18,NA,NA,NA,"115","Matched (3)","RR","RR","DEUCRAVA","PBO",3,1,222,45,69,1,222,45,222,45,2018,"L"
"97","123","PBO","SECU",-3.7148549405172,0.994485469741849,1,65,84,133,0,FALSE,123,"TRANSFIGURE_2016","L",2018,0,198,44,160,18.5,".",90.5,20,NA,NA,NA,"46","Matched (3)","RR","RR","PBO","SECU",2,4,65,133,1,84,65,133,65,133,0.0228146777661715,0.852699588145147,2,65,4,133,0,FALSE,123,"TRANSFIGURE_2016","L",2018,0,198,44,160,18.5,".",90.5,20,NA,NA,NA,"46","Matched (3)","RR","RR","PBO","SECU",2,4,65,133,1,84,65,133,65,133,2018,"L"
"98","124","IXE","USK",0.34175324266226,0.0753432252612283,113,136,98,166,0,FALSE,124,"IXORA-S_2017 Ê","L",2017,0,302,43,202,18,"29",87.5,20,NA,202,184,"43","Matched (3)","RR","RR","IXE","USK",3,5,136,166,113,98,136,166,136,166,-0.311492721145499,0.721079951025766,3,136,5,166,0,FALSE,124,"IXORA-S_2017 Ê","L",2017,0,302,43,202,18,"29",87.5,20,NA,202,184,"43","Matched (3)","RR","RR","IXE","USK",3,5,136,166,113,98,136,166,136,166,2017,"L"
"99","125","PBO","TILDRA",-2.60754013957813,0.496545336483441,4,155,216,617,0,FALSE,125,"ReSURFACE-1_2017","L",2017,0,772,47,533,NA,".",88.5,20,NA,NA,NA,"177","Matched (3)","RR","RR","PBO","TILDRA",1,13,155,617,4,216,155,617,155,617,-1.1835054504754,1.03385236783445,1,155,13,617,0,FALSE,125,"ReSURFACE-1_2017","L",2017,0,772,47,533,NA,".",88.5,20,NA,NA,NA,"177","Matched (3)","RR","RR","PBO","TILDRA",1,13,155,617,4,216,155,617,155,617,2017,"L"
"100","126","PBO","ETA",-2.8151982555404,0.710858796488556,2,156,67,313,0,FALSE,126,"ReSURFACE-2_2017","L",2017,0,1090,45,554,NA,".",88.5,20,NA,NA,NA,"134","Matched (3)","RR","RR","PBO","ETA",4,7,156,313,2,67,156,313,156,313,0.136731395355193,0.61907349989155,4,156,7,313,0,FALSE,126,"ReSURFACE-2_2017","L",2017,0,1090,45,554,NA,".",88.5,20,NA,NA,NA,"134","Matched (3)","RR","RR","PBO","ETA",4,7,156,313,2,67,156,313,156,313,2017,"L"
"101","126","PBO","TILDRA",-3.38069886011381,0.704452228263291,2,156,234,621,0,FALSE,126,"ReSURFACE-2_2017","L",2017,0,1090,45,554,NA,".",88.5,20,NA,NA,NA,"134","Matched (3)","RR","RR","PBO","TILDRA",4,10,156,621,2,234,156,621,156,621,0.465184342809787,0.58479007997025,4,156,10,621,0,FALSE,126,"ReSURFACE-2_2017","L",2017,0,1090,45,554,NA,".",88.5,20,NA,NA,NA,"134","Matched (3)","RR","RR","PBO","TILDRA",4,10,156,621,2,234,156,621,156,621,2017,"L"
"102","126","ETA","TILDRA",-0.56550060457341,0.11997367740795,67,313,234,621,0,FALSE,126,"ReSURFACE-2_2017","L",2017,0,1090,45,554,NA,".",88.5,20,NA,NA,NA,"134","Matched (3)","RR","RR","ETA","TILDRA",7,10,313,621,67,234,313,621,313,621,0.328452947454593,0.487905676048247,7,313,10,621,0,FALSE,126,"ReSURFACE-2_2017","L",2017,0,1090,45,554,NA,".",88.5,20,NA,NA,NA,"134","Matched (3)","RR","RR","ETA","TILDRA",7,10,313,621,67,234,313,621,313,621,2017,"L"
"103","128","PBO","CERTO",-3.62504244124786,1.41025450423565,0,57,108,332,0.5,FALSE,128,"CIMPACT_2018","M",2018,0,559,46,381,18,"30",89,21,NA,NA,NA,"154","Matched (3)","RR","RR","PBO","CERTO",5,5,57,332,0,108,57,332,57,332,1.76208370108194,0.615990334468087,5,57,5,332,0,FALSE,128,"CIMPACT_2018","M",2018,0,559,46,381,18,"30",89,21,NA,NA,NA,"154","Matched (3)","RR","RR","PBO","CERTO",5,5,57,332,0,108,57,332,57,332,2018,"M"
"104","128","PBO","ETA",-3.44564914423299,1.41359434398874,0,57,46,170,0.5,FALSE,128,"CIMPACT_2018","M",2018,0,559,46,381,18,"30",89,21,NA,NA,NA,"154","Matched (3)","RR","RR","PBO","ETA",5,1,57,170,0,46,57,170,57,170,2.70218508164981,1.08469986051889,5,57,1,170,0,FALSE,128,"CIMPACT_2018","M",2018,0,559,46,381,18,"30",89,21,NA,NA,NA,"154","Matched (3)","RR","RR","PBO","ETA",5,1,57,170,0,46,57,170,57,170,2018,"M"
"105","128","CERTO","ETA",0.179393297014866,0.147815238624265,108,332,46,170,0.5,FALSE,128,"CIMPACT_2018","M",2018,0,559,46,381,18,"30",89,21,NA,NA,NA,"154","Matched (3)","RR","RR","CERTO","ETA",5,1,332,170,108,46,332,170,332,170,0.940101380567874,1.09137784422539,5,332,1,170,0,FALSE,128,"CIMPACT_2018","M",2018,0,559,46,381,18,"30",89,21,NA,NA,NA,"154","Matched (3)","RR","RR","CERTO","ETA",5,1,332,170,108,46,332,170,332,170,2018,"M"
"106","130","RISAN","ADA",0.424599199870434,0.0701417677801468,218,301,144,304,0,FALSE,130,"IMMvent_2019","L",2019,0,605,46,422,NA,"30.5",90,20,NA,NA,NA,"229","Matched (3)","RR","RR","RISAN","ADA",10,9,301,304,218,144,301,304,301,304,0.115277952315172,0.45221607478139,10,301,9,304,0,FALSE,130,"IMMvent_2019","L",2019,0,605,46,422,NA,"30.5",90,20,NA,NA,NA,"229","Matched (3)","RR","RR","RISAN","ADA",10,9,301,304,218,144,301,304,301,304,2019,"L"
"107","131","RISAN","PBO",3.60030330649096,0.700641636102925,298,407,2,100,0,FALSE,131,"IMMhance_2020","L",2020,0,507,49,356,NA,"30.5",90.5,18,NA,NA,233,"281","Matched (3)","RR","RR","RISAN","PBO",8,8,407,100,298,2,407,100,407,100,-1.4036429994545,0.487383829792288,8,407,8,100,0,FALSE,131,"IMMhance_2020","L",2020,0,507,49,356,NA,"30.5",90.5,18,NA,NA,233,"281","Matched (3)","RR","RR","RISAN","PBO",8,8,407,100,298,2,407,100,407,100,2020,"L"
"108","135","SECU","PBO",3.27944305622865,1.41647644477437,27,102,0,49,0.5,FALSE,135,"CARIMA_2019","H",2020,0,151,45.200001,102,20,"29",89,19.5,NA,NA,129,"52","Matched (3)","RR","RR","SECU","PBO",1,2,102,49,27,0,102,49,102,49,-1.42629969573359,1.21234809983192,1,102,2,49,0,FALSE,135,"CARIMA_2019","H",2020,0,151,45.200001,102,20,"29",89,19.5,NA,NA,129,"52","Matched (3)","RR","RR","SECU","PBO",1,2,102,49,27,0,102,49,102,49,2020,"H"
"109","136","PBO","USK",-2.89897660508968,1.41926286696416,0,21,9,22,0.5,FALSE,136,"VIP-U trial_2020","M",2020,0,43,42.5,30,18,"33.5",100.5,20,NA,19,8,"19","Matched (3)","RR","RR","PBO","USK",NA,NA,21,22,0,9,21,22,21,22,NA,NA,NA,21,NA,22,0,FALSE,136,"VIP-U trial_2020","M",2020,0,43,42.5,30,18,"33.5",100.5,20,NA,19,8,"19","Matched (3)","RR","RR","PBO","USK",NA,NA,21,22,0,9,21,22,21,22,2020,"M"
"110","138","SECU","PBO",4.21236651796085,1.40907846088295,34,46,0,45,0.5,FALSE,138,"VIP-S trial_2020","L",2020,0,91,47.5,61,16,"32",94.5,22,76,27,27,"36","Matched (3)","RR","RR","SECU","PBO",2,0,46,45,34,0,46,45,46,45,1.58769792579769,1.53509498132132,2,46,0,45,0.5,FALSE,138,"VIP-S trial_2020","L",2020,0,91,47.5,61,16,"32",94.5,22,76,27,27,"36","Matched (3)","RR","RR","SECU","PBO",2,0,46,45,34,0,46,45,46,45,2020,"L"
"111","139","PBO","SECU",-3.88480272545198,0.994548423958026,1,71,98,143,0,FALSE,139,"ALLURE_2021","L",2021,0,214,43.5,133,17,"30.5",91,20.5,NA,NA,NA,".","Matched (3)","RR","RR","PBO","SECU",2,1,71,143,1,98,71,143,71,143,1.39331193377854,1.21610956988453,2,71,1,143,0,FALSE,139,"ALLURE_2021","L",2021,0,214,43.5,133,17,"30.5",91,20.5,NA,NA,NA,".","Matched (3)","RR","RR","PBO","SECU",2,1,71,143,1,98,71,143,71,143,2021,"L"
"112","140","CERTO","PBO",3.54743506273209,1.40265802253421,66,101,0,26,0.5,FALSE,140,"Umezawa_2021","L",2021,0,127,50,99,13,"26.5",73,25,NA,NA,96,"41","Matched (3)","RR","RR","CERTO","PBO",2,1,101,26,66,0,101,26,101,26,-0.663876798259832,1.20483918903705,2,101,1,26,0,FALSE,140,"Umezawa_2021","L",2021,0,127,50,99,13,"26.5",73,25,NA,NA,96,"41","Matched (3)","RR","RR","CERTO","PBO",2,1,101,26,66,0,101,26,101,26,2021,"L"
"113","141","PBO","SECU",-3.88783577981414,0.702517930524845,2,135,295,408,0,FALSE,141,"Cai_2020","L",2020,0,441,39.5,350,15.5,".",73,27,NA,NA,NA,"80","Matched (3)","RR","RR","PBO","SECU",2,14,135,408,2,295,135,408,135,408,-0.839917753089581,0.749379866041921,2,135,14,408,0,FALSE,141,"Cai_2020","L",2020,0,441,39.5,350,15.5,".",73,27,NA,NA,NA,"80","Matched (3)","RR","RR","PBO","SECU",2,14,135,408,2,295,135,408,135,408,2020,"L"
"114","142","SECU","GUSEL",0.0960834894498683,0.0380708207088512,391,514,369,534,0,FALSE,142,"ECLIPSE_2019","L",2019,0,1048,46,707,18.5,"30",NA,20,989,542,563,"305","Matched (3)","RR","RR","SECU","GUSEL",37,33,514,534,391,369,514,534,514,534,0.152582924682774,0.231326334130376,37,514,33,534,0,FALSE,142,"ECLIPSE_2019","L",2019,0,1048,46,707,18.5,"30",NA,20,989,542,563,"305","Matched (3)","RR","RR","SECU","GUSEL",37,33,514,534,391,369,514,534,514,534,2019,"L"
"115","145","PBO","APRE",NA,NA,NA,102,NA,201,0,FALSE,145,"STYLE_2020","L",2020,0,303,47,187,15,"31",NA,18,NA,66,89,"86","Matched (3)","RR","RR","PBO","APRE",1,2,102,201,NA,NA,102,201,102,201,-0.0148150857851406,1.21869641586954,1,102,2,201,0,FALSE,145,"STYLE_2020","L",2020,0,303,47,187,15,"31",NA,18,NA,66,89,"86","Matched (3)","RR","RR","PBO","APRE",1,2,102,201,NA,NA,102,201,102,201,2020,"L"
"116","146","IXE","GUSEL",0.257087207366647,0.0475269509276482,378,520,285,507,0,FALSE,146,"IXORA-R_2020","L",2020,0,1027,49,652,17,"33",95,19,725,140,310,"270","Matched (3)","RR","RR","IXE","GUSEL",18,16,520,507,378,285,520,507,520,507,0.0924652276720936,0.337875853006259,18,520,16,507,0,FALSE,146,"IXORA-R_2020","L",2020,0,1027,49,652,17,"33",95,19,725,140,310,"270","Matched (3)","RR","RR","IXE","GUSEL",18,16,520,507,378,285,520,507,520,507,2020,"L"
"117","147","SECU","PBO",3.42924082951113,1.40728886939864,29,54,0,28,0.5,FALSE,147,"NCT03055494 ObePso-S","L",2020,0,102,44.5,52,NA,".",NA,NA,NA,NA,NA,".","Matched (3)","RR","RR","SECU","PBO",1,1,54,28,29,0,54,28,54,28,-0.65677953638907,1.39490759398865,1,54,1,28,0,FALSE,147,"NCT03055494 ObePso-S","L",2020,0,102,44.5,52,NA,".",NA,NA,NA,NA,NA,".","Matched (3)","RR","RR","SECU","PBO",1,1,54,28,29,0,54,28,54,28,2020,"L"
"118","148","SECU","RISAN",-0.116845484117399,0.0733329864500116,107,163,121,164,0,FALSE,148,"IMMerge_2021","M",2020,0,327,47,213,18,".",NA,20,NA,NA,NA,"120","Matched (3)","RR","RR","SECU","RISAN",6,9,163,164,107,121,163,164,163,164,-0.399348881090728,0.51531082608171,6,163,9,164,0,FALSE,148,"IMMerge_2021","M",2020,0,327,47,213,18,".",NA,20,NA,NA,NA,"120","Matched (3)","RR","RR","SECU","RISAN",6,9,163,164,107,121,163,164,163,164,2020,"M"
"119","150","BIME","PBO",4.35817714792836,0.994314506402704,317,349,1,86,0,FALSE,150,"BE READY_2021","L",2021,0,435,44,313,19.5,"30",89.5,20.5,NA,NA,347,"192","Matched (3)","RR","RR","BIME","PBO",6,2,349,86,317,1,349,86,349,86,-0.30211233728081,0.807572554125652,6,349,2,86,0,FALSE,150,"BE READY_2021","L",2021,0,435,44,313,19.5,"30",89.5,20.5,NA,NA,347,"192","Matched (3)","RR","RR","BIME","PBO",6,2,349,86,317,1,349,86,349,86,2021,"L"
"120","151","BIME","PBO",2.87057691873165,0.488364153162793,273,321,4,83,0,FALSE,151,"BE VIVID_2021","L",2021,0,567,46,406,17,"29.5",88.5,21.5,NA,NA,463,"221","Matched (3)","RR","RR","BIME","PBO",5,2,321,83,273,4,321,83,321,83,-0.436309783459263,0.827548513642196,5,321,2,83,0,FALSE,151,"BE VIVID_2021","L",2021,0,567,46,406,17,"29.5",88.5,21.5,NA,NA,463,"221","Matched (3)","RR","RR","BIME","PBO",5,2,321,83,273,4,321,83,321,83,2021,"L"
"121","151","BIME","USK",0.537331718189267,0.0822097838014927,273,321,81,163,0,FALSE,151,"BE VIVID_2021","L",2021,0,567,46,406,17,"29.5",88.5,21.5,NA,NA,463,"221","Matched (3)","RR","RR","BIME","USK",5,5,321,163,273,81,321,163,321,163,-0.677690922323253,0.625099804733083,5,321,5,163,0,FALSE,151,"BE VIVID_2021","L",2021,0,567,46,406,17,"29.5",88.5,21.5,NA,NA,463,"221","Matched (3)","RR","RR","BIME","USK",5,5,321,163,273,81,321,163,321,163,2021,"L"
"122","151","USK","PBO",2.33324520054238,0.494128036966238,81,163,4,83,0,FALSE,151,"BE VIVID_2021","L",2021,0,567,46,406,17,"29.5",88.5,21.5,NA,NA,463,"221","Matched (3)","RR","RR","USK","PBO",5,2,163,83,81,4,163,83,163,83,0.241381138863991,0.825722010063776,5,163,2,83,0,FALSE,151,"BE VIVID_2021","L",2021,0,567,46,406,17,"29.5",88.5,21.5,NA,NA,463,"221","Matched (3)","RR","RR","USK","PBO",5,2,163,83,81,4,163,83,163,83,2021,"L"
"123","152","SECU","BIME",-0.140344591112728,0.0372490540074827,275,370,319,373,0,FALSE,152,"BE RADIANT_2021","L",2021,0,743,45,486,18,".",89.5,20,NA,NA,539,"244","Matched (3)","RR","RR","SECU","BIME",NA,NA,370,373,275,319,370,373,370,373,NA,NA,NA,370,NA,373,0,FALSE,152,"BE RADIANT_2021","L",2021,0,743,45,486,18,".",89.5,20,NA,NA,539,"244","Matched (3)","RR","RR","SECU","BIME",NA,NA,370,373,275,319,370,373,370,373,2021,"L"
"124","153","ADA","BIME",-0.506465647356094,0.0802123506691958,82,159,273,319,0,FALSE,153,"BE SURE_2021","L",2021,0,478,45,328,18,"30.5",91,20,412,173,338,"153","Matched (3)","RR","RR","ADA","BIME",5,5,159,319,82,273,159,319,159,319,0.696286900564613,0.62496071523389,5,159,5,319,0,FALSE,153,"BE SURE_2021","L",2021,0,478,45,328,18,"30.5",91,20,412,173,338,"153","Matched (3)","RR","RR","ADA","BIME",5,5,159,319,82,273,159,319,159,319,2021,"L"
"125","156","FUM","PBO",NA,NA,NA,319,NA,107,0,FALSE,156,"NCT03421197","L",2021,0,426,50,257,NA,".",NA,18,NA,NA,NA,".","Matched (3)","RR","RR","FUM","PBO",6,2,319,107,NA,NA,319,107,319,107,0.00625002034517133,0.808817702597995,6,319,2,107,0,FALSE,156,"NCT03421197","L",2021,0,426,50,257,NA,".",NA,18,NA,NA,NA,".","Matched (3)","RR","RR","FUM","PBO",6,2,319,107,NA,NA,319,107,319,107,2021,"L"
"126","158","SECU","PBO",2.4546928711915,0.367102047439135,326,448,7,112,0,FALSE,158,"NCT03535194","L",2021,0,560,NA,393,NA,".",NA,NA,NA,NA,NA,".","Matched (3)","RR","RR","SECU","PBO",11,0,448,112,326,7,448,112,448,112,1.75253875607477,1.44077686629355,11,448,0,112,0.5,FALSE,158,"NCT03535194","L",2021,0,560,NA,393,NA,".",NA,NA,NA,NA,NA,".","Matched (3)","RR","RR","SECU","PBO",11,0,448,112,326,7,448,112,448,112,2021,"L"
"127","162","PBO","NETA",-1.29532258291416,0.412410979163976,5,28,60,92,0,FALSE,162,"NCT02762994","L",2021,0,120,40.5,79,NA,"26",82,NA,NA,NA,NA,".","Matched (3)","RR","RR","PBO","NETA",NA,NA,28,92,5,60,28,92,28,92,NA,NA,NA,28,NA,92,0,FALSE,162,"NCT02762994","L",2021,0,120,40.5,79,NA,"26",82,NA,NA,NA,NA,".","Matched (3)","RR","RR","PBO","NETA",NA,NA,28,92,5,60,28,92,28,92,2021,"L"
"128","163","IXE","PBO",3.55027398562214,0.699563670499312,277,350,2,88,0,FALSE,163,"NCT03364309","L",2021,0,438,40.5,335,NA,".",NA,NA,NA,NA,NA,".","Matched (3)","RR","RR","IXE","PBO",3,3,350,88,277,2,350,88,350,88,-1.38059634000525,0.807741225545587,3,350,3,88,0,FALSE,163,"NCT03364309","L",2021,0,438,40.5,335,NA,".",NA,NA,NA,NA,NA,".","Matched (3)","RR","RR","IXE","PBO",3,3,350,88,277,2,350,88,350,88,2021,"L"
"129","164","PBO","RISAN",-2.79379092989038,0.697421634591971,2,52,66,105,0,FALSE,164,"Blauvelt_2021","H",2021,0,157,49,87,18,"32.5",94.300003,21.5,NA,NA,NA,"70","Matched (3)","RR","RR","PBO","RISAN",0,1,52,105,2,66,52,105,52,105,-0.400714505349566,1.62423531996853,0,52,1,105,0.5,FALSE,164,"Blauvelt_2021","H",2021,0,157,49,87,18,"32.5",94.300003,21.5,NA,NA,NA,"70","Matched (3)","RR","RR","PBO","RISAN",0,1,52,105,2,66,52,105,52,105,2021,"H"
"130","165","NETA","PBO",3.90438327741133,1.40790993868745,94,169,0,44,0.5,FALSE,165,"PLANETA_2021","M",2021,0,213,41,156,9,"28",87,19,NA,127,72,"12","Matched (3)","RR","RR","NETA","PBO",1,0,169,44,94,0,169,44,169,44,-0.238751448980201,1.6242829345713,1,169,0,44,0.5,FALSE,165,"PLANETA_2021","M",2021,0,213,41,156,9,"28",87,19,NA,127,72,"12","Matched (3)","RR","RR","NETA","PBO",1,0,169,44,94,0,169,44,169,44,2021,"M"
"131","166","SONELO","PBO",4.17770219005826,1.40850212126388,129,208,0,52,0.5,FALSE,166,"Papp_2021","L",2021,0,313,46,228,18.5,".",91,21,NA,NA,NA,"50","Matched (3)","RR","RR","SONELO","PBO",5,1,208,52,129,0,208,52,208,52,-0.0798428875110172,0.908097498271901,5,208,1,52,0.5,FALSE,166,"Papp_2021","L",2021,0,313,46,228,18.5,".",91,21,NA,NA,NA,"50","Matched (3)","RR","RR","SONELO","PBO",5,1,208,52,129,0,208,52,208,52,2021,"L"
"132","166","SONELO","SECU",-0.0375358302346169,0.114977228675044,129,208,34,53,0.5,FALSE,166,"Papp_2021","L",2021,0,313,46,228,18.5,".",91,21,NA,NA,NA,"50","Matched (3)","RR","RR","SONELO","SECU",5,0,208,53,129,34,208,53,208,53,1.03763788546148,1.46912573660786,5,208,0,53,0.5,FALSE,166,"Papp_2021","L",2021,0,313,46,228,18.5,".",91,21,NA,NA,NA,"50","Matched (3)","RR","RR","SONELO","SECU",5,0,208,53,129,34,208,53,208,53,2021,"L"
"133","166","SECU","PBO",4.21523802029288,1.41111526794012,34,53,0,52,0.5,FALSE,166,"Papp_2021","L",2021,0,313,46,228,18.5,".",91,21,NA,NA,NA,"50","Matched (3)","RR","RR","SECU","PBO",0,1,53,52,34,0,53,52,53,52,-1.11748077297249,1.62139676169468,0,53,1,52,0.5,FALSE,166,"Papp_2021","L",2021,0,313,46,228,18.5,".",91,21,NA,NA,NA,"50","Matched (3)","RR","RR","SECU","PBO",0,1,53,52,34,0,53,52,53,52,2021,"L"
"134","167","PBO","SECU",-2.63206429412429,0.693071957085196,2,40,57,82,0,FALSE,167,"NCT03589885 MATURE","L",2021,0,122,NA,85,NA,".",NA,NA,NA,NA,NA,".","Matched (3)","RR","RR","PBO","SECU",0,4,40,82,2,57,40,82,40,82,-1.48572825810808,1.47831311029711,0,40,4,82,0.5,FALSE,167,"NCT03589885 MATURE","L",2021,0,122,NA,85,NA,".",NA,NA,NA,NA,NA,".","Matched (3)","RR","RR","PBO","SECU",0,4,40,82,2,57,40,82,40,82,2021,"L"
